pinkyProximal,pinkyMedial,ringProximal,ringMedial,middleProximal,middleMedial,indexProximal,indexMedial,thumbProximal,thumbMedial,gesture
1,1,1,0.5725275,0.07934066,0,0.154359,0,0,0.006373626,HandGun
1,1,0.6542857,1,0.04886447,0.008131868,0.1821978,0.06263737,0.1186081,0.01311355,HandGun
1,1,1,0.5725275,0.07904762,0,0.154359,0,0,0.006373626,HandGun
1,1,0.6534066,1,0.04769231,0.007838828,0.1789744,0.0614652,0.1186081,0.01340659,HandGun
1,1,1,0.5725275,0.08021978,0,0.154359,0,0,0.006080586,HandGun
1,1,0.6534066,1,0.04739927,0.007838828,0.1780952,0.06117216,0.1186081,0.01311355,HandGun
1,1,1,0.5725275,0.08021978,0,0.154359,0,0,0.005787546,HandGun
1,1,0.6534066,1,0.04593407,0.007545787,0.1734066,0.05970696,0.1186081,0.01311355,HandGun
1,1,1,0.5725275,0.07992674,0,0.1441026,0,0,0.005787546,HandGun
1,1,0.6534066,1,0.04388278,0.007252747,0.168718,0.05882784,0.1186081,0.01311355,HandGun
1,1,1,0.5725275,0.07934066,0,0.1405861,0,0,0.005494506,HandGun
1,1,0.6384615,1,0.04124542,0.006959707,0.1622711,0.05794872,0.1186081,0.01282051,HandGun
1,1,1,0.5725275,0.0781685,0,0.1379487,0,0,0.005494506,HandGun
1,1,0.6328938,1,0.03919414,0.006373626,0.154652,0.05677656,0.1186081,0.01282051,HandGun
1,1,1,0.5725275,0.07758242,0,0.1379487,0,0,0.005494506,HandGun
1,1,0.6314286,1,0.03831502,0.006373626,0.1526007,0.05589744,0.1186081,0.01282051,HandGun
1,1,1,0.5725275,0.07611722,0,0.1379487,0,0,0.005494506,HandGun
1,1,0.627619,1,0.03655678,0.006080586,0.147326,0.05531136,0.1194872,0.01282051,HandGun
1,1,1,0.5725275,0.07553113,0,0.1379487,0,0,0.005494506,HandGun
1,1,0.627619,1,0.03509158,0.006080586,0.1438095,0.05413919,0.1200733,0.01282051,HandGun
1,1,1,0.5725275,0.07523809,0,0.1379487,0,0,0.005201465,HandGun
1,1,0.627619,1,0.03391941,0.005787546,0.140293,0.05326007,0.1197802,0.01282051,HandGun
1,1,1,0.5725275,0.07494505,0,0.1379487,0,0,0.005201465,HandGun
1,1,0.6147253,1,0.03245421,0.005494506,0.1350183,0.05179487,0.1197802,0.01282051,HandGun
1,1,1,0.5725275,0.07465202,0,0.1379487,0,0,0.005201465,HandGun
1,1,0.6132601,1,0.03216117,0.005494506,0.1341392,0.05150183,0.1197802,0.01282051,HandGun
1,1,1,0.5725275,0.07465202,0,0.1379487,0,0,0.005201465,HandGun
1,1,0.605348,1,0.02981685,0.005201465,0.1268132,0.04945055,0.1197802,0.01252747,HandGun
1,1,1,0.5725275,0.07406593,0,0.1379487,0,0,0.005201465,HandGun
1,1,0.6015385,1,0.02893773,0.005201465,0.1235897,0.04915751,0.1197802,0.01252747,HandGun
1,1,1,0.5725275,0.07406593,0,0.1379487,0,0,0.005201465,HandGun
1,1,0.5968498,1,0.02747253,0.004908425,0.118022,0.04798535,0.1130403,0.01223443,HandGun
1,1,1,0.5725275,0.07406593,0,0.1379487,0,0,0.005201465,HandGun
1,1,0.5959707,1,0.02688645,0.004908425,0.1145055,0.04681319,0.107619,0.01223443,HandGun
1,1,1,0.5725275,0.07406593,0,0.1379487,0,0,0.004908425,HandGun
1,1,0.5959707,1,0.02659341,0.004908425,0.1130403,0.04652015,0.1048352,0.01223443,HandGun
1,1,1,0.5725275,0.07465202,0,0.1388278,0,0,0.005201465,HandGun
1,1,0.6015385,1,0.02600733,0.004908425,0.1098168,0.04593407,0.09838827,0.01194139,HandGun
1,1,1,0.5725275,0.07465202,0,0.139707,0,0,0.004908425,HandGun
1,1,0.6085714,1,0.02600733,0.004908425,0.1083516,0.0447619,0.09692308,0.01194139,HandGun
1,1,1,0.5725275,0.07465202,0,0.1405861,0,0,0.004908425,HandGun
1,1,0.6150183,1,0.02659341,0.004908425,0.1068864,0.04417583,0.09721611,0.01194139,HandGun
1,1,1,0.5725275,0.07465202,0,0.1414652,0,0,0.004908425,HandGun
1,1,0.627033,1,0.02747253,0.005201465,0.1060073,0.0432967,0.09809524,0.01223443,HandGun
1,1,1,0.5725275,0.07406593,0,0.1414652,0,0,0.004908425,HandGun
1,1,0.6352381,1,0.02835165,0.005494506,0.1060073,0.0432967,0.09897436,0.01223443,HandGun
1,1,1,0.5725275,0.07318681,0,0.1411722,0,0,0.004908425,HandGun
1,1,0.6545787,1,0.03098901,0.006373626,0.1060073,0.04212454,0.1016117,0.01252747,HandGun
1,1,1,0.5725275,0.07318681,0,0.1411722,0,0,0.004908425,HandGun
1,1,0.6701099,1,0.03479854,0.008717949,0.1060073,0.04007326,0.1045421,0.01252747,HandGun
1,1,1,0.5725275,0.07289378,0,0.1411722,0,0,0.004908425,HandGun
1,1,0.6800733,1,0.03772894,0.00959707,0.1007326,0.0389011,0.1060073,0.01252747,HandGun
1,1,1,0.5725275,0.07289378,0,0.1411722,0,0,0.004908425,HandGun
1,1,0.685348,1,0.03948718,0.01076923,0.09868132,0.03831502,0.1074725,0.01282051,HandGun
1,1,1,0.5725275,0.07260073,0,0.1411722,0,0,0.004908425,HandGun
1,1,0.6871063,1,0.04095238,0.01194139,0.09750916,0.0374359,0.1086447,0.01282051,HandGun
1,1,1,0.5725275,0.07260073,0,0.1411722,0,0,0.004908425,HandGun
1,1,0.6988279,1,0.04739927,0.01516484,0.09399267,0.03538461,0.1142125,0.01311355,HandGun
1,1,1,0.5725275,0.07260073,0,0.1411722,0,0,0.004908425,HandGun
1,1,0.7076191,1,0.04945055,0.01575092,0.09369963,0.03479854,0.1159707,0.01311355,HandGun
1,1,1,0.5725275,0.07260073,0,0.1411722,0,0,0.004908425,HandGun
1,1,0.7369231,1,0.05912088,0.01809524,0.09252747,0.03421246,0.118315,0.01311355,HandGun
1,1,1,0.5725275,0.07260073,0,0.1411722,0,0,0.004908425,HandGun
1,1,0.7465934,1,0.06234432,0.0192674,0.09252747,0.03333334,0.1186081,0.01311355,HandGun
1,1,1,0.5725275,0.07230769,0,0.1411722,0,0,0.004908425,HandGun
1,1,0.7571428,1,0.06556777,0.0207326,0.09106227,0.03245421,0.1200733,0.01340659,HandGun
1,1,1,0.5725275,0.07201465,0,0.1411722,0,0,0.004322344,HandGun
1,1,0.7530403,1,0.06468865,0.02161172,0.09018315,0.03128205,0.1224176,0.01340659,HandGun
1,1,1,0.5725275,0.07201465,0,0.1411722,0,0,0.004322344,HandGun
1,1,0.7530403,1,0.06380952,0.02161172,0.08901099,0.03040293,0.1230037,0.01340659,HandGun
1,1,1,0.5734066,0.07201465,0,0.1411722,0,0,0.004322344,HandGun
1,1,0.7454212,1,0.06117216,0.0207326,0.08754579,0.02981685,0.1230037,0.01340659,HandGun
1,1,1,0.5734066,0.07201465,0,0.1411722,0,0,0.004322344,HandGun
1,1,0.7454212,1,0.06117216,0.0207326,0.08754579,0.02981685,0.1230037,0.01340659,HandGun
1,1,1,0.5739926,0.07142857,0,0.1411722,0,0,0.004322344,HandGun
1,1,0.7454212,1,0.05882784,0.02014652,0.08578754,0.02923077,0.1230037,0.01311355,HandGun
1,1,1,0.5739926,0.07113553,0,0.1411722,0,0,0.004322344,HandGun
1,1,0.7454212,1,0.05677656,0.0192674,0.08461539,0.02893773,0.1230037,0.01311355,HandGun
1,1,1,0.5739926,0.07084249,0,0.1411722,0,0,0.003736264,HandGun
1,1,0.7454212,1,0.05560439,0.01838828,0.08315019,0.02864469,0.1230037,0.01282051,HandGun
1,1,1,0.5739926,0.07084249,0,0.1411722,0,0,0.003736264,HandGun
1,1,0.7454212,1,0.05619048,0.01838828,0.08227106,0.02835165,0.1230037,0.01282051,HandGun
1,1,1,0.5739926,0.07113553,0,0.1411722,0,0,0.003443223,HandGun
1,1,0.7465934,1,0.05882784,0.01809524,0.08168498,0.02835165,0.1230037,0.01282051,HandGun
1,1,1,0.5739926,0.07142857,0,0.1411722,0,0,0.003443223,HandGun
1,1,0.7518681,1,0.06468865,0.0178022,0.08080586,0.02747253,0.1230037,0.01311355,HandGun
1,1,1,0.5739926,0.07142857,0,0.1411722,0,0,0.003736264,HandGun
1,1,0.751282,1,0.06556777,0.01721612,0.08227106,0.02747253,0.1232967,0.01311355,HandGun
1,1,1,0.5739926,0.07201465,0,0.1411722,0,0,0.003443223,HandGun
1,1,0.7310623,1,0.06175824,0.01516484,0.0869597,0.02688645,0.1232967,0.01282051,HandGun
1,1,1,0.5739926,0.07201465,0,0.1411722,0,0,0.003443223,HandGun
1,1,0.7310623,1,0.06175824,0.01516484,0.0869597,0.02688645,0.1232967,0.01282051,HandGun
1,1,1,0.5739926,0.07230769,0,0.1414652,0,0,0.003150183,HandGun
1,1,0.7208059,1,0.06,0.01399267,0.08901099,0.02630037,0.1232967,0.01282051,HandGun
1,1,1,0.5739926,0.07260073,0,0.1426374,0,0,0.003150183,HandGun
1,1,0.7126007,1,0.0585348,0.01223443,0.09164836,0.02630037,0.1232967,0.01282051,HandGun
1,1,1,0.5745787,0.07289378,0,0.1429304,0,0,0.003443223,HandGun
1,1,0.7061539,1,0.05677656,0.01106227,0.09106227,0.02600733,0.1232967,0.01252747,HandGun
1,1,1,0.5742857,0.07318681,0,0.1435165,0,0,0.003443223,HandGun
1,1,0.6891575,1,0.05208791,0.009304029,0.08842491,0.02542125,0.1232967,0.01223443,HandGun
1,1,1,0.5742857,0.07318681,0,0.1435165,0,0,0.003150183,HandGun
1,1,0.6868132,1,0.05091575,0.009010989,0.08754579,0.02542125,0.1232967,0.01223443,HandGun
1,1,1,0.5742857,0.07289378,0,0.1438095,0,0,0.003150183,HandGun
1,1,0.6756777,1,0.04652015,0.008131868,0.08315019,0.02483517,0.1232967,0.01194139,HandGun
1,1,1,0.5742857,0.07289378,0,0.1438095,0,0,0.003736264,HandGun
1,1,0.6686447,1,0.0432967,0.007252747,0.07992674,0.02454212,0.1232967,0.01194139,HandGun
1,1,1,0.5742857,0.07289378,0,0.1438095,0,0,0.003443223,HandGun
1,1,0.6663004,1,0.0418315,0.006959707,0.07934066,0.023663,0.1232967,0.01194139,HandGun
1,1,1,0.5742857,0.07260073,0,0.1438095,0,0,0.003150183,HandGun
1,1,0.6621978,1,0.03831502,0.006373626,0.07728938,0.02336996,0.1232967,0.01194139,HandGun
1,1,1,0.5742857,0.07260073,0,0.1438095,0,0,0.003443223,HandGun
1,1,0.6589743,1,0.03772894,0.006373626,0.07699633,0.02336996,0.1232967,0.01194139,HandGun
1,1,1,0.5742857,0.07201465,0,0.1438095,0,0,0.003150183,HandGun
1,1,0.656337,1,0.03567766,0.006080586,0.07611722,0.02307692,0.1232967,0.01164835,HandGun
1,1,1,0.5742857,0.07142857,0,0.1438095,0,0,0.003443223,HandGun
1,1,0.656337,1,0.03421246,0.005494506,0.07523809,0.0221978,0.1232967,0.01135531,HandGun
1,1,1,0.5742857,0.07142857,0,0.1438095,0,0,0.003150183,HandGun
1,1,0.656337,1,0.03304029,0.005201465,0.07523809,0.0221978,0.1232967,0.01135531,HandGun
1,1,1,0.5742857,0.07142857,0,0.1438095,0,0,0.003443223,HandGun
1,1,0.656337,1,0.03216117,0.004322344,0.07465202,0.0221978,0.1232967,0.01106227,HandGun
1,1,1,0.5742857,0.07113553,0,0.1438095,0,0,0.003150183,HandGun
1,1,0.656337,1,0.03157509,0.004322344,0.07523809,0.02278388,0.1232967,0.01106227,HandGun
1,1,1,0.5742857,0.07054945,0,0.1438095,0,0,0.003150183,HandGun
1,1,0.656337,1,0.02952381,0.004029304,0.07553113,0.02336996,0.1134799,0.01047619,HandGun
1,1,1,0.5742857,0.06967033,0,0.1438095,0,0,0.003150183,HandGun
1,1,0.6513554,1,0.02835165,0.003736264,0.07553113,0.023663,0.1051282,0.01018315,HandGun
1,1,1,0.5742857,0.06879121,0,0.1438095,0,0,0.003150183,HandGun
1,1,0.6457876,1,0.02747253,0.003443223,0.07611722,0.02454212,0.1001465,0.01018315,HandGun
1,1,1,0.5748718,0.06820513,0,0.1438095,0,0,0.003150183,HandGun
1,1,0.6457876,1,0.02717949,0.003150183,0.07728938,0.02454212,0.0978022,0.01018315,HandGun
1,1,1,0.5751648,0.06820513,0,0.1438095,0,0,0.003150183,HandGun
1,1,0.6457876,1,0.02717949,0.002564103,0.0781685,0.02483517,0.09721611,0.01018315,HandGun
1,1,1,0.5748718,0.06791209,0,0.1438095,0,0,0.003150183,HandGun
1,1,0.6457876,1,0.02835165,0.002564103,0.0810989,0.02571429,0.09692308,0.00989011,HandGun
1,1,1,0.5748718,0.06761905,0,0.1438095,0,0,0.003150183,HandGun
1,1,0.6457876,1,0.02952381,0.002271062,0.08344322,0.02600733,0.09663004,0.00989011,HandGun
1,1,1,0.5748718,0.06732601,0,0.1438095,0,0,0.003150183,HandGun
1,1,0.6457876,1,0.03069597,0.002271062,0.08520146,0.02630037,0.09663004,0.00989011,HandGun
1,1,1,0.5748718,0.06732601,0,0.1438095,0,0,0.003150183,HandGun
1,1,0.6457876,1,0.03157509,0.001978022,0.08725274,0.02688645,0.09575091,0.00989011,HandGun
1,1,1,0.5748718,0.06673992,0,0.1438095,0,0,0.003150183,HandGun
1,1,0.6457876,1,0.03362637,0.001978022,0.08754579,0.02688645,0.09516484,0.00989011,HandGun
1,1,1,0.5748718,0.06673992,0,0.1438095,0,0,0.002857143,HandGun
1,1,0.6457876,1,0.03245421,0.001098901,0.08637363,0.02600733,0.09428571,0.00989011,HandGun
1,1,1,0.5748718,0.06644689,0,0.1438095,0,0,0.003150183,HandGun
1,1,0.6457876,1,0.03216117,0.001098901,0.08578754,0.02571429,0.09428571,0.00959707,HandGun
1,1,1,0.5748718,0.06644689,0,0.1438095,0,0,0.003150183,HandGun
1,1,0.6457876,1,0.03216117,0.0005128205,0.08461539,0.02483517,0.09399267,0.00959707,HandGun
1,1,1,0.5748718,0.06644689,0,0.1438095,0,0,0.003150183,HandGun
1,1,0.6457876,1,0.03216117,0.0005128205,0.08344322,0.02454212,0.09369963,0.00959707,HandGun
1,1,1,0.5748718,0.06644689,0,0.1438095,0,0,0.003150183,HandGun
1,1,0.6457876,1,0.03128205,0.0002197802,0.08197802,0.023663,0.0934066,0.00959707,HandGun
1,1,1,0.5748718,0.06644689,0,0.1438095,0,0,0.002857143,HandGun
1,1,0.6469598,1,0.03128205,0,0.07992674,0.02336996,0.09252747,0.00959707,HandGun
1,1,1,0.5748718,0.06673992,0,0.1441026,0,0,0.002857143,HandGun
1,1,0.6475458,1,0.03157509,0,0.07875458,0.02307692,0.09135531,0.00959707,HandGun
1,1,1,0.5748718,0.06673992,0,0.1443956,0,0,0.002857143,HandGun
1,1,0.6469598,1,0.03069597,0,0.07787546,0.02307692,0.09076923,0.009304029,HandGun
1,1,1,0.5748718,0.06673992,0,0.1443956,0,0,0.002857143,HandGun
1,1,0.6469598,1,0.02952381,0,0.07699633,0.02307692,0.09047619,0.009304029,HandGun
1,1,1,0.5748718,0.06673992,0,0.1443956,0,0,0.002857143,HandGun
1,1,0.6469598,1,0.02835165,0,0.07553113,0.02278388,0.09047619,0.009304029,HandGun
1,1,1,0.5748718,0.06673992,0,0.1443956,0,0,0.002857143,HandGun
1,1,0.6469598,1,0.02835165,0,0.07435898,0.0221978,0.09047619,0.009304029,HandGun
1,1,1,0.5748718,0.06673992,0,0.1443956,0,0,0.002857143,HandGun
1,1,0.6469598,1,0.03069597,0,0.07465202,0.0221978,0.09076923,0.00959707,HandGun
1,1,1,0.5748718,0.06673992,0,0.1443956,0,0,0.002564103,HandGun
1,1,0.6469598,1,0.03098901,0,0.07465202,0.0221978,0.09106227,0.009304029,HandGun
1,1,1,0.5748718,0.06673992,0,0.1443956,0,0,0.002564103,HandGun
1,1,0.6469598,1,0.03216117,0,0.07582418,0.0221978,0.09135531,0.00959707,HandGun
1,1,1,0.5748718,0.06673992,0,0.1443956,0,0,0.002564103,HandGun
1,1,0.6469598,1,0.03157509,0,0.07553113,0.0221978,0.09194139,0.00959707,HandGun
1,1,1,0.5748718,0.06703297,0,0.1443956,0,0,0.002564103,HandGun
1,1,0.6469598,1,0.02981685,0,0.07465202,0.0221978,0.09135531,0.00959707,HandGun
1,1,1,0.5754579,0.06703297,0,0.1443956,0,0,0.002564103,HandGun
1,1,0.6469598,1,0.02835165,0,0.07377289,0.02190476,0.09106227,0.00959707,HandGun
1,1,1,0.5754579,0.06703297,0,0.1443956,0,0,0.002271062,HandGun
1,1,0.6469598,1,0.02717949,0,0.07318681,0.02190476,0.09076923,0.009304029,HandGun
1,1,1,0.5754579,0.06703297,0,0.1443956,0,0,0.002271062,HandGun
1,1,0.6469598,1,0.0251282,0,0.07172161,0.02190476,0.08989011,0.009304029,HandGun
1,1,1,0.5754579,0.06761905,0,0.1443956,0,0,0.002564103,HandGun
1,1,0.6469598,1,0.02307692,0,0.06908425,0.02190476,0.08930403,0.009304029,HandGun
1,1,1,0.5754579,0.06849817,0,0.1443956,0,0,0.002271062,HandGun
1,1,0.6469598,1,0.0207326,0,0.06527472,0.02102564,0.08725274,0.009010989,HandGun
1,1,1,0.5757509,0.07025641,0,0.1455678,0,0,0.002271062,HandGun
1,1,0.6469598,1,0.01897436,0,0.06234432,0.0207326,0.08666667,0.009010989,HandGun
1,1,1,0.5757509,0.07142857,0,0.1464469,0,0,0.002271062,HandGun
1,1,0.6469598,1,0.0178022,0,0.06087912,0.0207326,0.08608059,0.008717949,HandGun
1,1,1,0.5757509,0.07289378,0,0.1482051,0,0,0.001978022,HandGun
1,1,0.6469598,1,0.01487179,0,0.05677656,0.02014652,0.0854945,0.008717949,HandGun
1,1,1,0.5757509,0.07377289,0,0.1490843,0,0,0.001978022,HandGun
1,1,0.6358242,1,0.01340659,0,0.05384615,0.01956044,0.0854945,0.008717949,HandGun
1,1,1,0.5757509,0.07494505,0,0.1505495,0,0,0.002271062,HandGun
1,1,0.6358242,1,0.01223443,0,0.05179487,0.01956044,0.0854945,0.008717949,HandGun
1,1,1,0.5757509,0.07523809,0,0.1505495,0,0,0.001978022,HandGun
1,1,0.6358242,1,0.01164835,0,0.05032967,0.01956044,0.0854945,0.008717949,HandGun
1,1,1,0.5757509,0.07523809,0,0.1505495,0,0,0.001978022,HandGun
1,1,0.6358242,1,0.01164835,0,0.04974359,0.0192674,0.0854945,0.008717949,HandGun
1,1,1,0.5757509,0.07523809,0,0.1508425,0,0,0.001978022,HandGun
1,1,0.6358242,1,0.01076923,0,0.04798535,0.01897436,0.08490843,0.008717949,HandGun
1,1,1,0.5757509,0.07553113,0,0.1508425,0,0,0.001978022,HandGun
1,1,0.6358242,1,0.01047619,0,0.04681319,0.01838828,0.08490843,0.008717949,HandGun
1,1,1,0.5757509,0.07553113,0,0.1508425,0,0,0.001978022,HandGun
1,1,0.6358242,1,0.01047619,0,0.04593407,0.01838828,0.08490843,0.008717949,HandGun
1,1,1,0.5757509,0.07553113,0,0.1508425,0,0,0.001391941,HandGun
1,1,0.6358242,1,0.009304029,0,0.04417583,0.0178022,0.08490843,0.008717949,HandGun
1,1,1,0.5757509,0.07553113,0,0.1508425,0,0,0.001391941,HandGun
1,1,0.6358242,1,0.009010989,0,0.04388278,0.01750916,0.08490843,0.008717949,HandGun
1,1,1,0.5757509,0.07582418,0,0.1508425,0,0,0.001098901,HandGun
1,1,0.6358242,1,0.008717949,0,0.0432967,0.01692308,0.08461539,0.008717949,HandGun
1,1,1,0.5769231,0.07582418,0,0.1508425,0,0,0.001391941,HandGun
1,1,0.6369964,1,0.008131868,0,0.04241758,0.01692308,0.0854945,0.008717949,HandGun
1,1,1,0.5863004,0.07875458,0,0.1508425,0,0,0.001098901,HandGun
1,1,0.641099,1,0.007838828,0,0.04124542,0.016337,0.08578754,0.008717949,HandGun
1,1,1,0.5880587,0.07934066,0,0.1508425,0,0,0.001098901,HandGun
1,1,0.6422711,1,0.007838828,0,0.04065934,0.016337,0.08608059,0.008717949,HandGun
1,1,1,0.6003664,0.08344322,0,0.1508425,0,0,0.001098901,HandGun
1,1,0.6434433,1,0.007838828,0,0.03919414,0.01575092,0.08871795,0.009010989,HandGun
1,1,1,0.6065202,0.08725274,0,0.1508425,0,0,0.001098901,HandGun
1,1,0.6434433,1,0.007838828,0,0.03860806,0.01545788,0.09106227,0.009304029,HandGun
1,1,1,0.6032968,0.08871795,0,0.1508425,0,0,0.001098901,HandGun
1,1,0.6434433,1,0.007838828,0,0.03684982,0.01516484,0.0934066,0.00959707,HandGun
1,1,1,0.6018316,0.08901099,0,0.1508425,0,0,0.001391941,HandGun
1,1,0.6434433,1,0.007545787,0,0.03626374,0.01516484,0.09457876,0.00989011,HandGun
1,1,1,0.6018316,0.08901099,0,0.1508425,0,0,0.001098901,HandGun
1,1,0.6434433,1,0.007838828,0,0.0359707,0.01516484,0.09516484,0.00989011,HandGun
1,1,1,0.6018316,0.08930403,0,0.1508425,0,0,0.001098901,HandGun
1,1,0.6481319,1,0.008717949,0,0.03538461,0.01516484,0.09575091,0.00989011,HandGun
1,1,1,0.6018316,0.08901099,0,0.1508425,0,0,0.001098901,HandGun
1,1,0.6528206,1,0.009304029,0,0.03538461,0.01516484,0.09692308,0.00989011,HandGun
1,1,1,0.6018316,0.08871795,0,0.1508425,0,0,0.0008058608,HandGun
1,1,0.6542858,1,0.00959707,0,0.03538461,0.01516484,0.0978022,0.00989011,HandGun
1,1,1,0.6018316,0.08842491,0,0.1508425,0,0,0.0008058608,HandGun
1,1,0.6531136,1,0.008131868,0,0.03479854,0.01428571,0.09985348,0.01018315,HandGun
1,1,1,0.6018316,0.08813187,0,0.1508425,0,0,0.0008058608,HandGun
1,1,0.6525275,1,0.007838828,0,0.03421246,0.01428571,0.1004396,0.01018315,HandGun
1,1,1,0.6018316,0.08813187,0,0.1508425,0,0,0.0005128205,HandGun
1,1,0.6525275,1,0.007545787,0,0.03391941,0.01399267,0.1004396,0.01018315,HandGun
1,1,1,0.6018316,0.08754579,0,0.1508425,0,0,0.0008058608,HandGun
1,1,0.6536997,1,0.007545787,0,0.03391941,0.01399267,0.09985348,0.01018315,HandGun
1,1,1,0.6018316,0.0869597,0,0.1508425,0,0,0.0008058608,HandGun
1,1,0.6586813,1,0.007545787,0,0.03333334,0.01369963,0.09985348,0.00989011,HandGun
1,1,1,0.6018316,0.08666667,0,0.1508425,0,0,0.0005128205,HandGun
1,1,0.6619048,1,0.007838828,0,0.03333334,0.01369963,0.1010256,0.00989011,HandGun
1,1,1,0.6018316,0.08666667,0,0.1508425,0,0,0.0008058608,HandGun
1,1,0.6630769,1,0.007838828,0,0.03333334,0.01369963,0.1010256,0.00989011,HandGun
1,1,1,0.6018316,0.08608059,0,0.1508425,0,0,0.0005128205,HandGun
1,1,0.6718681,1,0.009010989,0,0.03333334,0.01369963,0.1016117,0.00989011,HandGun
1,1,1,0.6018316,0.08578754,0,0.1508425,0,0,0.0005128205,HandGun
1,1,0.6832967,1,0.01076923,0,0.03362637,0.01369963,0.1016117,0.00989011,HandGun
1,1,1,0.6018316,0.0854945,0,0.1508425,0,0,0.0002197802,HandGun
1,1,0.6932601,1,0.01428571,0,0.03216117,0.01399267,0.09985348,0.00959707,HandGun
1,1,1,0.6018316,0.0854945,0,0.1508425,0,0,0.0005128205,HandGun
1,1,0.692381,1,0.01428571,0,0.03216117,0.01428571,0.09985348,0.00959707,HandGun
1,1,1,0.6018316,0.08461539,0,0.1508425,0,0,0.0002197802,HandGun
1,1,0.6873993,1,0.01311355,0,0.03128205,0.01428571,0.09985348,0.00989011,HandGun
1,1,1,0.6018316,0.0840293,0,0.1508425,0,0,0,HandGun
1,1,0.6868132,1,0.01282051,0,0.03069597,0.01428571,0.09985348,0.00989011,HandGun
1,1,1,0.6018316,0.0840293,0,0.1508425,0,0,0.0002197802,HandGun
1,1,0.6868132,1,0.01282051,0,0.02952381,0.01428571,0.09985348,0.00959707,HandGun
1,1,1,0.6018316,0.08373626,0,0.1508425,0,0,0,HandGun
1,1,0.6868132,1,0.01194139,0,0.02864469,0.01487179,0.1019048,0.00989011,HandGun
1,1,1,0.6018316,0.08373626,0,0.1508425,0,0,0,HandGun
1,1,0.6868132,1,0.01164835,0,0.02835165,0.01487179,0.1021978,0.00989011,HandGun
1,1,1,0.6018316,0.08373626,0,0.1508425,0,0,0,HandGun
1,1,0.6868132,1,0.01076923,0,0.02747253,0.01545788,0.1030769,0.00989011,HandGun
1,1,1,0.6027107,0.08373626,0,0.1508425,0,0,0,HandGun
1,1,0.6752381,1,0.01018315,0,0.02717949,0.01575092,0.1027839,0.00989011,HandGun
1,1,1,0.6030037,0.0840293,0,0.1508425,0,0,0,HandGun
1,1,0.6639561,1,0.01018315,0,0.02688645,0.016337,0.1027839,0.00989011,HandGun
1,1,1,0.6032967,0.0840293,0,0.1508425,0,0,0,HandGun
1,1,0.6639561,1,0.00959707,0,0.02688645,0.016337,0.1027839,0.00989011,HandGun
1,1,1,0.6032967,0.0840293,0,0.1508425,0,0,0,HandGun
1,1,0.6639561,1,0.00959707,0,0.02688645,0.01663004,0.1027839,0.00989011,HandGun
1,1,1,0.6032967,0.08344322,0,0.1508425,0,0,0,HandGun
1,1,0.6639561,1,0.00959707,0,0.02630037,0.01663004,0.1027839,0.00959707,HandGun
1,1,1,0.6032967,0.08344322,0,0.1508425,0,0,0,HandGun
1,1,0.6639561,1,0.009304029,0,0.02571429,0.01663004,0.1027839,0.00959707,HandGun
1,1,1,0.6032967,0.08285714,0,0.1508425,0,0,0,HandGun
1,1,0.6639561,1,0.009304029,0,0.02483517,0.01663004,0.1027839,0.009304029,HandGun
1,1,1,0.6032967,0.08168498,0,0.1508425,0,0,0,HandGun
1,1,0.6639561,1,0.009010989,0,0.02483517,0.016337,0.09985348,0.009304029,HandGun
1,1,1,0.6032967,0.08168498,0,0.1508425,0,0,0,HandGun
1,1,0.6639561,1,0.009010989,0,0.02454212,0.016337,0.09956044,0.009304029,HandGun
1,1,1,0.6032967,0.08139194,0,0.1508425,0,0,0,HandGun
1,1,0.6639561,1,0.009010989,0,0.023663,0.016337,0.09956044,0.009304029,HandGun
1,1,1,0.6032967,0.07934066,0,0.1508425,0,0,0,HandGun
1,1,0.6639561,1,0.008717949,0,0.02307692,0.01575092,0.09956044,0.009304029,HandGun
1,1,1,0.6032967,0.07875458,0,0.1508425,0,0,0,HandGun
1,1,0.6639561,1,0.008131868,0,0.02249084,0.01545788,0.09985348,0.009304029,HandGun
1,1,1,0.6032967,0.0781685,0,0.1508425,0,0,0,HandGun
1,1,0.6639561,1,0.008131868,0,0.02190476,0.01545788,0.09985348,0.009304029,HandGun
1,1,1,0.6032967,0.07787546,0,0.1508425,0,0,0,HandGun
1,1,0.6639561,1,0.008131868,0,0.02190476,0.01516484,0.09985348,0.009304029,HandGun
1,1,1,0.6032967,0.07758242,0,0.1508425,0,0,0,HandGun
1,1,0.6639561,1,0.007545787,0,0.02161172,0.01516484,0.09985348,0.009304029,HandGun
1,1,1,0.6032967,0.07728938,0,0.1508425,0,0,0,HandGun
1,1,0.6639561,1,0.006666667,0,0.02161172,0.01516484,0.09985348,0.009010989,HandGun
1,1,1,0.6032967,0.0767033,0,0.1508425,0,0,0,HandGun
1,1,0.6639561,1,0.006373626,0,0.02161172,0.01516484,0.09985348,0.009010989,HandGun
1,1,1,0.6032967,0.0767033,0,0.1508425,0,0,0,HandGun
1,1,0.6639561,1,0.006373626,0,0.02161172,0.01516484,0.09985348,0.009010989,HandGun
1,1,1,0.6032967,0.07611722,0,0.1508425,0,0,0,HandGun
1,1,0.6639561,1,0.006080586,0,0.02102564,0.01516484,0.09956044,0.009010989,HandGun
1,1,1,0.6032967,0.07582418,0,0.1508425,0,0,0,HandGun
1,1,0.6639561,1,0.006080586,0,0.02102564,0.01516484,0.09985348,0.009010989,HandGun
1,1,1,0.6032967,0.07523809,0,0.1508425,0,0,0,HandGun
1,1,0.6639561,1,0.005494506,0,0.02102564,0.01487179,0.09956044,0.009010989,HandGun
1,1,1,0.6032967,0.07465202,0,0.1508425,0,0,0,HandGun
1,1,0.6639561,1,0.005201465,0,0.02161172,0.01516484,0.09956044,0.009010989,HandGun
1,1,1,0.6032967,0.07465202,0,0.1508425,0,0,0,HandGun
1,1,0.6639561,1,0.005201465,0,0.02161172,0.01516484,0.0992674,0.009010989,HandGun
1,1,1,0.6032967,0.07465202,0,0.1508425,0,0,0,HandGun
1,1,0.6639561,1,0.005201465,0,0.02161172,0.01545788,0.09897436,0.008717949,HandGun
1,1,1,0.6032967,0.07465202,0,0.1508425,0,0,0,HandGun
1,1,0.6639561,1,0.004908425,0,0.02190476,0.01575092,0.09838828,0.009010989,HandGun
1,1,1,0.6032967,0.07406593,0,0.1508425,0,0,0,HandGun
1,1,0.6639561,1,0.004615385,0,0.02161172,0.01575092,0.09838828,0.008717949,HandGun
1,1,1,0.6032967,0.07377289,0,0.1508425,0,0,0,HandGun
1,1,0.6639561,1,0.004029304,0,0.02102564,0.016337,0.09809524,0.008717949,HandGun
1,1,1,0.6032967,0.07377289,0,0.1508425,0,0,0,HandGun
1,1,0.6639561,1,0.003736264,0,0.0207326,0.016337,0.09809524,0.008717949,HandGun
1,1,1,0.6032967,0.07347985,0,0.1508425,0,0,0,HandGun
1,1,0.6639561,1,0.003736264,0,0.02043956,0.01575092,0.09838828,0.008717949,HandGun
1,1,1,0.6032967,0.07347985,0,0.1508425,0,0,0,HandGun
1,1,0.6639561,1,0.003443223,0,0.01985348,0.01575092,0.09838828,0.008717949,HandGun
1,1,1,0.6032967,0.07318681,0,0.1508425,0,0,0,HandGun
1,1,0.6639561,1,0.003443223,0,0.01956044,0.01575092,0.09809524,0.008717949,HandGun
1,1,1,0.6032967,0.07318681,0,0.1508425,0,0,0,HandGun
1,1,0.6648352,1,0.003443223,0,0.01956044,0.01545788,0.09809524,0.008717949,HandGun
1,1,1,0.6032967,0.07289378,0,0.1508425,0,0,0,HandGun
1,1,0.6651282,1,0.003443223,0,0.0192674,0.01545788,0.09809524,0.008717949,HandGun
1,1,1,0.6032967,0.07289378,0,0.1508425,0,0,0,HandGun
1,1,0.6654212,1,0.003736264,0,0.0192674,0.01545788,0.09897436,0.008717949,HandGun
1,1,1,0.6032967,0.07260073,0,0.1508425,0,0,0,HandGun
1,1,0.6654212,1,0.003736264,0,0.0192674,0.01545788,0.09897436,0.009010989,HandGun
1,1,1,0.6032967,0.07260073,0,0.1508425,0,0,0,HandGun
1,1,0.6654212,1,0.004615385,0,0.01897436,0.01545788,0.09897436,0.008717949,HandGun
1,1,1,0.6032967,0.07289378,0,0.1508425,0,0,0,HandGun
1,1,0.6668864,1,0.005494506,0,0.01897436,0.01516484,0.09897436,0.008717949,HandGun
1,1,1,0.6032967,0.07289378,0,0.1508425,0,0,0,HandGun
1,1,0.6671795,1,0.006373626,0,0.01897436,0.01516484,0.09897436,0.009010989,HandGun
1,1,1,0.6032967,0.07289378,0,0.1508425,0,0,0,HandGun
1,1,0.6683517,1,0.006666667,0,0.01897436,0.01516484,0.09956044,0.009010989,HandGun
1,1,1,0.6032967,0.07347985,0,0.1514286,0,0,0,HandGun
1,1,0.6680586,1,0.006666667,0,0.01897436,0.01487179,0.09985348,0.009010989,HandGun
1,1,1,0.6032967,0.07377289,0,0.1520147,0,0,0,HandGun
1,1,0.6680586,1,0.006080586,0,0.01838828,0.01487179,0.1010256,0.009304029,HandGun
1,1,1,0.6032967,0.07377289,0,0.1526007,0,0,0,HandGun
1,1,0.6680586,1,0.006080586,0,0.01809524,0.01428571,0.1019048,0.009304029,HandGun
1,1,1,0.6032967,0.07377289,0,0.1526007,0,0,0,HandGun
1,1,0.6680586,1,0.006080586,0,0.01838828,0.01428571,0.1021978,0.009304029,HandGun
1,1,1,0.6032967,0.07523809,0,0.154652,0,0,0,HandGun
1,1,0.6680586,1,0.006373626,0,0.01809524,0.01428571,0.1027839,0.009304029,HandGun
1,1,1,0.6032967,0.07553113,0,0.1552381,0,0,0,HandGun
1,1,0.6680586,1,0.006373626,0,0.01809524,0.01399267,0.1030769,0.00959707,HandGun
1,1,1,0.6032967,0.07611722,0,0.1561172,0,0,0,HandGun
1,1,0.6680586,1,0.005494506,0,0.0178022,0.01369963,0.10337,0.00959707,HandGun
1,1,1,0.6032967,0.07611722,0,0.1561172,0,0,0,HandGun
1,1,0.6680586,1,0.005494506,0,0.0178022,0.01369963,0.10337,0.00959707,HandGun
1,1,1,0.6032967,0.07641026,0,0.1561172,0,0,0,HandGun
1,1,0.6680586,1,0.005494506,0,0.01750916,0.01369963,0.10337,0.00959707,HandGun
1,1,1,0.6032967,0.07641026,0,0.1567033,0,0,0,HandGun
1,1,0.6680586,1,0.005494506,0,0.01750916,0.01369963,0.10337,0.00959707,HandGun
1,1,1,0.6032967,0.0767033,0,0.1572894,0,0,0,HandGun
1,1,0.6680586,1,0.006373626,0,0.01809524,0.01399267,0.10337,0.009304029,HandGun
1,1,1,0.6032967,0.0767033,0,0.1572894,0,0,0,HandGun
1,1,0.6680586,1,0.006666667,0,0.0192674,0.01545788,0.0992674,0.009010989,HandGun
1,1,1,0.6032967,0.0767033,0,0.1575824,0,0,0,HandGun
1,1,0.6680586,1,0.007252747,0,0.01956044,0.01545788,0.09838828,0.009010989,HandGun
1,1,1,0.6032967,0.0767033,0,0.1575824,0,0,0,HandGun
1,1,0.6680586,1,0.007838828,0,0.02102564,0.016337,0.09663004,0.008717949,HandGun
1,1,1,0.6032967,0.07641026,0,0.1575824,0,0,0,HandGun
0.9663736,1,0.6680586,1,0.02395604,0,0.03479854,0.0192674,0.08725274,0.007838828,HandGun
1,1,1,0.605348,0.07728938,0,0.1575824,0,0,0,HandGun
0.9631502,1,0.6680586,1,0.02835165,0,0.03772894,0.01956044,0.08666667,0.007838828,HandGun
1,1,1,0.6068132,0.07758242,0,0.1575824,0,0,0,HandGun
0.9599267,1,0.6680586,1,0.03772894,0,0.0447619,0.0207326,0.08578754,0.008131868,HandGun
1,1,1,0.6068132,0.07758242,0,0.1575824,0,0,0,HandGun
0.9599267,1,0.6680586,1,0.03772894,0,0.0447619,0.0207326,0.08578754,0.008131868,HandGun
1,1,1,0.6073993,0.0781685,0,0.1575824,0,0,0,HandGun
1,1,0.6894505,1,0.0781685,0,0.0840293,0.02190476,0.08432234,0.009010989,HandGun
1,1,1,0.6073993,0.07875458,0,0.1575824,0,0,0,HandGun
1,1,0.6894505,1,0.0796337,0,0.08608059,0.0221978,0.08432234,0.009010989,HandGun
1,1,1,0.6068132,0.07875458,0,0.1575824,0,0,0,HandGun
1,1,0.6824175,1,0.07846154,0,0.08871795,0.02102564,0.08285714,0.008717949,HandGun
1,1,1,0.6071062,0.07846154,0,0.1575824,0,0,0,HandGun
1,1,0.6393406,1,0.06732601,0,0.08344322,0.01956044,0.08344322,0.008424909,HandGun
1,1,1,0.6071062,0.07846154,0,0.1575824,0,0,0,HandGun
1,1,0.6260072,1,0.06527472,0,0.08227106,0.01897436,0.08344322,0.008424909,HandGun
1,1,1,0.6071062,0.07846154,0,0.1575824,0,0,0,HandGun
1,1,0.5710623,1,0.05765568,0,0.0796337,0.01750916,0.08197802,0.008131868,HandGun
1,1,1,0.6071062,0.07846154,0,0.1575824,0,0,0,HandGun
1,1,0.5725275,1,0.05296703,0,0.07553113,0.01575092,0.0781685,0.007838828,HandGun
1,1,1,0.6071062,0.07846154,0,0.1575824,0,0,0,HandGun
1,1,0.5725275,1,0.04593407,0,0.07025641,0.01428571,0.07377289,0.007252747,HandGun
1,1,1,0.6071062,0.0781685,0,0.1575824,0,0,0,HandGun
1,1,0.5725275,1,0.04358974,0,0.06791209,0.01399267,0.07289378,0.007252747,HandGun
1,1,1,0.6071062,0.07787546,0,0.1575824,0,0,0,HandGun
1,1,0.5725275,1,0.03948718,0,0.06410257,0.01340659,0.07084249,0.006666667,HandGun
1,1,1,0.6071062,0.07846154,0,0.1575824,0,0,0,HandGun
1,1,0.5775091,1,0.03362637,0,0.05912088,0.01252747,0.07318681,0.006666667,HandGun
1,1,1,0.6071062,0.07904762,0,0.1575824,0,0,0,HandGun
1,1,0.5801465,1,0.03128205,0,0.05589744,0.01164835,0.07318681,0.006373626,HandGun
1,1,1,0.6071062,0.08021978,0,0.1575824,0,0,0,HandGun
1,1,0.5830769,1,0.02952381,0,0.05296703,0.01135531,0.07435898,0.006666667,HandGun
1,1,1,0.6071062,0.0810989,0,0.1575824,0,0,0,HandGun
1,1,0.5857143,1,0.02835165,0,0.05091575,0.01106227,0.07465202,0.006959707,HandGun
1,1,1,0.6071062,0.08432234,0,0.1599267,0,0,0,HandGun
1,1,0.5895238,1,0.02688645,0,0.04798535,0.01076923,0.07846154,0.007545787,HandGun
1,1,1,0.6071062,0.08989011,0,0.1631502,0,0,0,HandGun
1,1,0.5906959,1,0.02659341,0,0.04593407,0.01018315,0.08227106,0.008131868,HandGun
1,1,1,0.6071062,0.0934066,0,0.1657875,0,0,0,HandGun
1,1,0.5945055,1,0.02717949,0,0.04827839,0.01018315,0.08783883,0.00959707,HandGun
1,1,1,0.6071062,0.09369963,0,0.1666667,0,0,0,HandGun
1,1,0.6003663,1,0.02893773,0,0.0570696,0.01106227,0.08989011,0.01106227,HandGun
1,1,1,0.6071062,0.0934066,0,0.1669597,0,0,0,HandGun
1,1,0.6003663,1,0.03098901,0,0.06234432,0.01106227,0.08989011,0.01106227,HandGun
1,1,1,0.6071062,0.09252747,0,0.168718,0,0,0,HandGun
1,1,0.5994871,1,0.0389011,0,0.07289378,0.01164835,0.08871795,0.01135531,HandGun
1,1,1,0.6071062,0.09164836,0,0.169011,0,0,0,HandGun
1,1,0.5994871,1,0.04446886,0,0.07787546,0.01252747,0.09076923,0.01194139,HandGun
1,1,1,0.6071062,0.08901099,0,0.169304,0,0,0,HandGun
1,1,0.5994871,1,0.04681319,0,0.08080586,0.01282051,0.09076923,0.01223443,HandGun
1,1,1,0.6071062,0.08754579,0,0.169304,0,0,0,HandGun
1,1,0.5994871,1,0.05736264,0,0.1030769,0.016337,0.08930403,0.01340659,HandGun
1,1,1,0.6071062,0.08754579,0,0.169304,0,0,0,HandGun
1,1,0.5994871,1,0.05882784,0,0.1048352,0.016337,0.08959707,0.01340659,HandGun
1,1,1,0.6071062,0.08666667,0,0.169304,0,0,0,HandGun
1,1,0.5994871,1,0.06117216,0,0.1089377,0.01663004,0.08959707,0.01369963,HandGun
1,1,1,0.6071062,0.0854945,0,0.169304,0,0,0,HandGun
1,1,0.5994871,1,0.0614652,0,0.110989,0.01663004,0.08871795,0.01369963,HandGun
1,1,1,0.6071062,0.08432234,0,0.169304,0,0,0,HandGun
1,1,0.5994871,1,0.06556777,0,0.1150916,0.01663004,0.08813187,0.01369963,HandGun
1,1,1,0.6073992,0.08344322,0,0.169304,0,0,0,HandGun
1,1,0.5994871,1,0.06908425,0,0.118022,0.016337,0.08725274,0.01399267,HandGun
1,1,1,0.6073992,0.08285714,0,0.169304,0,0,0,HandGun
1,1,0.5994871,1,0.06967033,0,0.1218315,0.016337,0.08871795,0.01428571,HandGun
1,1,1,0.6073992,0.08139194,0,0.169304,0,0,0,HandGun
1,1,0.5994871,1,0.06732601,0,0.1241758,0.01545788,0.08989011,0.01457876,HandGun
1,1,1,0.6073992,0.0810989,0,0.169304,0,0,0,HandGun
1,1,0.5841026,1,0.06439561,0,0.1238828,0.01516484,0.09135531,0.01457876,HandGun
1,1,1,0.6073992,0.08051282,0,0.169304,0,0,0,HandGun
1,1,0.5748718,1,0.06175824,0,0.1238828,0.01516484,0.09399267,0.01457876,HandGun
1,1,1,0.6073992,0.08051282,0,0.169304,0,0,0,HandGun
1,1,0.5748718,1,0.06087912,0,0.1238828,0.01516484,0.09692308,0.01457876,HandGun
1,1,1,0.6073992,0.08021978,0,0.169304,0,0,0,HandGun
1,1,0.6003663,1,0.05824176,0,0.1238828,0.01399267,0.1074725,0.01516484,HandGun
1,1,1,0.6073992,0.07992674,0,0.169304,0,0,0,HandGun
1,1,0.6578022,1,0.0585348,0,0.1238828,0.01282051,0.1054212,0.01399267,HandGun
1,1,1,0.6073992,0.07904762,0,0.169304,0,0,0,HandGun
1,1,0.6859341,1,0.05677656,0,0.1238828,0.01164835,0.103663,0.01311355,HandGun
1,1,1,0.6073992,0.07875458,0,0.169304,0,0,0,HandGun
1,1,0.7556776,1,0.05326007,0,0.1238828,0.01018315,0.09897436,0.01252747,HandGun
1,1,1,0.6073992,0.07875458,0,0.169304,0,0,0,HandGun
1,1,0.7753114,1,0.05355311,0,0.1238828,0.00989011,0.09985348,0.01223443,HandGun
1,1,1,0.6073992,0.07904762,0,0.1716484,0,0,0,HandGun
1,1,0.8075458,1,0.05208791,0,0.1098168,0.008424909,0.09956044,0.01106227,HandGun
1,1,1,0.6073992,0.08021978,0,0.1739927,0,0,0,HandGun
1,1,0.8093041,1,0.0432967,0,0.0840293,0.006373626,0.09809524,0.009304029,HandGun
1,1,1,0.6073992,0.08080586,0,0.17663,0,0,0,HandGun
1,1,0.7969964,1,0.04095238,0,0.07992674,0.005787546,0.096337,0.009010989,HandGun
1,1,1,0.6073992,0.08080586,0,0.1786813,0,0,0,HandGun
1,1,0.787033,1,0.03948718,0,0.07728938,0.005494506,0.09399267,0.008717949,HandGun
1,1,1,0.6073992,0.08051282,0,0.1789744,0,0,0,HandGun
1,1,0.7782418,1,0.03831502,0,0.07523809,0.004908425,0.09135531,0.008424909,HandGun
1,1,1,0.6073992,0.07934066,0,0.1801465,0,0,0,HandGun
1,1,0.765641,1,0.03684982,0,0.07318681,0.004615385,0.08813187,0.007838828,HandGun
1,1,1,0.6073992,0.07758242,0,0.1807326,0,0,0,HandGun
1,1,0.7506959,1,0.03509158,0,0.07142857,0.004322344,0.08344322,0.007545787,HandGun
1,1,1,0.6073992,0.07553113,0,0.1788278,0,0,0.0002197802,HandGun
1,1,0.7208059,1,0.03098901,0,0.06908425,0.003443223,0.07846154,0.006666667,HandGun
1,1,1,0.6073992,0.07494505,0,0.1788278,0,0,0,HandGun
1,1,0.7014652,1,0.02893773,0,0.06761905,0.003150183,0.07553113,0.006373626,HandGun
1,1,1,0.6073992,0.07289378,0,0.176337,0,0,0,HandGun
1,1,0.6704029,1,0.02747253,0,0.06468865,0.002857143,0.07084249,0.005787546,HandGun
1,1,1,0.6073992,0.07201465,0,0.176337,0,0,0.0002197802,HandGun
1,1,0.6531135,1,0.02747253,0,0.06175824,0.002857143,0.06879121,0.005494506,HandGun
1,1,1,0.6073992,0.07084249,0,0.172967,0,0,0.0005128205,HandGun
1,1,0.6302564,1,0.02864469,0,0.05970696,0.002271062,0.06644689,0.005494506,HandGun
1,1,1,0.6073992,0.06967033,0,0.172967,0,0,0.001098901,HandGun
1,1,0.605641,1,0.02981685,0,0.0570696,0.001978022,0.06410257,0.005201465,HandGun
1,1,1,0.6073992,0.06967033,0,0.172967,0,0,0.001098901,HandGun
1,1,0.6009524,1,0.03010989,0,0.05677656,0.001978022,0.06380952,0.005201465,HandGun
1,1,1,0.6073992,0.06791209,0,0.1691575,0,0,0.003150183,HandGun
1,1,0.5766301,1,0.03362637,0,0.05384615,0.001098901,0.06234432,0.004908425,HandGun
1,1,1,0.6076922,0.06703297,0,0.1691575,0,0,0.003736264,HandGun
1,1,0.5678388,1,0.03479854,0,0.05355311,0.001098901,0.0614652,0.004908425,HandGun
1,1,1,0.6076922,0.06644689,0,0.1668132,0,0,0.005201465,HandGun
1,1,0.5561172,1,0.03567766,0,0.05238095,0.0008058608,0.06205128,0.004615385,HandGun
1,1,1,0.6076922,0.06498168,0,0.1668132,0,0,0.007252747,HandGun
1,1,0.5487912,1,0.03626374,0,0.05179487,0.0005128205,0.06410257,0.004322344,HandGun
1,1,1,0.6076922,0.06468865,0,0.1668132,0,0,0.007838828,HandGun
1,1,0.5479121,1,0.03567766,0,0.05120879,0.0002197802,0.06498168,0.004322344,HandGun
1,1,1,0.6076922,0.06322344,0,0.1668132,0,0,0.009304029,HandGun
1,1,0.5420513,1,0.03069597,0,0.04945055,0,0.06410257,0.003736264,HandGun
1,1,1,0.6076922,0.06322344,0,0.1668132,0,0,0.01047619,HandGun
1,1,0.5420513,1,0.02659341,0,0.04798535,0,0.06205128,0.003443223,HandGun
1,1,1,0.6076922,0.06175824,0,0.1697436,0,0,0.01194139,HandGun
1,1,0.5360439,1,0.02014652,0,0.0447619,0,0.05882784,0.002857143,HandGun
1,1,1,0.6076922,0.06175824,0,0.172674,0,0,0.01194139,HandGun
1,1,0.5294505,1,0.01428571,0,0.04300366,0,0.05794872,0.002271062,HandGun
1,1,1,0.6076922,0.06205128,0,0.1741392,0,0,0.01164835,HandGun
1,1,0.5279853,1,0.01311355,0,0.04271062,0,0.05765568,0.002271062,HandGun
1,1,1,0.6076922,0.06234432,0,0.1782417,0,0,0.01164835,HandGun
0.9775091,1,0.5602198,1,0.007545787,0,0.0403663,0,0.05824176,0.001684982,HandGun
1,1,1,0.6076922,0.06205128,0,0.1797069,0,0,0.01135531,HandGun
0.9775091,1,0.5860073,1,0.006666667,0,0.03919414,0,0.06087912,0.001684982,HandGun
1,1,1,0.6076922,0.06205128,0,0.180293,0,0,0.01135531,HandGun
0.983663,1,0.619707,1,0.008717949,0,0.03655678,0,0.06263737,0.001391941,HandGun
1,1,1,0.6079853,0.0614652,0,0.1808791,0,0,0.01106227,HandGun
0.9886447,1,0.6390476,1,0.01047619,0,0.03421246,0,0.06380952,0.001391941,HandGun
1,1,1,0.6088644,0.06117216,0,0.1811721,0,0,0.01106227,HandGun
0.9898168,1,0.6410989,1,0.01076923,0,0.03362637,0,0.06468865,0.001391941,HandGun
1,1,1,0.6150182,0.0614652,0,0.187326,0,0,0.01106227,HandGun
0.9880586,1,0.6478388,1,0.01076923,0,0.03157509,0,0.06908425,0.001391941,HandGun
1,1,1,0.6150182,0.0614652,0,0.1882051,0,0,0.01106227,HandGun
0.9883516,1,0.649304,1,0.01076923,0,0.03098901,0,0.07054945,0.001391941,HandGun
1,1,1,0.6144322,0.06117216,0,0.1893773,0,0,0.01106227,HandGun
0.9880586,1,0.6460806,1,0.01047619,0,0.02805861,0,0.07084249,0.001098901,HandGun
1,1,1,0.6144322,0.06087912,0,0.1887912,0,0,0.01076923,HandGun
0.9880586,1,0.6443223,1,0.01047619,0,0.02747253,0,0.06996337,0.001098901,HandGun
1,1,1,0.6141391,0.05970696,0,0.1882051,0,0,0.01047619,HandGun
0.969011,1,0.6328938,1,0.01047619,0,0.02630037,0,0.06527472,0.0008058608,HandGun
1,1,1,0.6141391,0.05912088,0,0.1870329,0,0,0.01076923,HandGun
0.9593406,1,0.6188278,1,0.01164835,0,0.02483517,0,0.05970696,0.0005128205,HandGun
1,1,1,0.6141391,0.05882784,0,0.1854212,0,0,0.01018315,HandGun
0.9596337,1,0.6135531,1,0.01311355,0,0.02424908,0,0.05765568,0.0005128205,HandGun
1,1,1,0.6141391,0.0585348,0,0.1838095,0,0,0.00959707,HandGun
0.9654945,1,0.6091575,1,0.01457876,0,0.023663,0,0.05677656,0.0005128205,HandGun
1,1,1,0.6141391,0.05794872,0,0.1838095,0,0,0.00959707,HandGun
0.9657875,1,0.6009524,1,0.01721612,0,0.02336996,0,0.05619048,0.0005128205,HandGun
1,1,1,0.6141391,0.05794872,0,0.1819047,0,0,0.009304029,HandGun
0.962271,1,0.5936264,1,0.02161172,0,0.02454212,0,0.05677656,0.001098901,HandGun
1,1,1,0.6141391,0.05736264,0,0.1792674,0,0,0.008717949,HandGun
0.9845421,1,0.5962637,1,0.02893773,0,0.02805861,0,0.05648352,0.001391941,HandGun
1,1,1,0.6141391,0.05736264,0,0.1792674,0,0,0.008717949,HandGun
0.9953846,1,0.6100366,1,0.03421246,0,0.03098901,0,0.05619048,0.001684982,HandGun
1,1,1,0.6141391,0.0570696,0,0.1773626,0,0,0.008424909,HandGun
0.9977289,1,0.6117949,1,0.03684982,0,0.03245421,0,0.05677656,0.001684982,HandGun
1,1,1,0.6141391,0.0570696,0,0.1773626,0,0,0.008424909,HandGun
0.998315,1,0.6106227,1,0.03802198,0,0.03274725,0,0.05824176,0.002271062,HandGun
1,1,1,0.6141391,0.05677656,0,0.1756044,0,0,0.008131868,HandGun
0.9974359,1,0.6106227,1,0.0418315,0,0.03362637,0,0.06205128,0.002564103,HandGun
1,1,1,0.6141391,0.05619048,0,0.1756044,0,0,0.008131868,HandGun
0.9994872,1,0.6106227,1,0.04358974,0,0.03245421,0,0.06468865,0.002564103,HandGun
1,1,1,0.6141391,0.05619048,0,0.1756044,0,0,0.008131868,HandGun
0.9994872,1,0.6106227,1,0.04358974,0,0.03245421,0,0.06468865,0.002564103,HandGun
1,1,1,0.6141391,0.05619048,0,0.1756044,0,0,0.007838828,HandGun
0.9994872,1,0.6106227,1,0.04388278,0,0.03245421,0,0.06527472,0.002564103,HandGun
1,1,0.9821978,0.6141391,0.05501831,0,0.1728205,0,0,0.007252747,HandGun
1,1,0.6156044,1,0.0447619,0,0.03216117,0,0.06967033,0.002857143,HandGun
1,1,0.9807326,0.6141391,0.05501831,0,0.1728205,0,0,0.006666667,HandGun
1,1,0.62,1,0.0447619,0,0.03216117,0,0.07054945,0.002857143,HandGun
1,1,0.9807326,0.6141391,0.05501831,0,0.1728205,0,0,0.006373626,HandGun
1,1,0.6364102,1,0.0462271,0,0.03333334,0,0.07758242,0.002857143,HandGun
1,1,0.9807326,0.6141391,0.05472527,0,0.1717948,0,0,0.006080586,HandGun
1,1,0.6399267,1,0.04681319,0,0.03333334,0,0.08021978,0.002857143,HandGun
1,1,0.9807326,0.6141391,0.05472527,0,0.1717948,0,0,0.005787546,HandGun
1,1,0.6460806,1,0.04798535,0,0.03245421,0,0.08197802,0.002857143,HandGun
1,1,0.9807326,0.6141391,0.05501831,0,0.1717948,0,0,0.005201465,HandGun
1,1,0.6487179,1,0.04857143,0,0.03333334,0,0.08344322,0.002857143,HandGun
1,1,0.9807326,0.6141391,0.05501831,0,0.1717948,0,0,0.005201465,HandGun
1,1,0.6498901,1,0.04857143,0,0.03362637,0,0.0840293,0.002857143,HandGun
1,1,0.9807326,0.6141391,0.05531136,0,0.1713553,0,0,0.005201465,HandGun
1,1,0.6645421,1,0.05150183,0,0.03655678,0,0.08344322,0.002857143,HandGun
1,1,0.9807326,0.6141391,0.05531136,0,0.1707692,0,0,0.004908425,HandGun
1,1,0.6683517,1,0.05208791,0,0.03772894,0,0.08315019,0.002857143,HandGun
1,1,0.9807326,0.6141391,0.05531136,0,0.1707692,0,0,0.004908425,HandGun
1,1,0.6701099,1,0.05296703,0,0.03860806,0,0.08315019,0.002857143,HandGun
1,1,0.9807326,0.6141391,0.05531136,0,0.1707692,0,0,0.004908425,HandGun
1,1,0.6692308,1,0.05296703,0,0.03802198,0,0.08344322,0.002857143,HandGun
1,1,0.9807326,0.6141391,0.05589744,0,0.1694505,0,0,0.004322344,HandGun
1,1,0.6677656,1,0.04857143,0,0.03157509,0,0.08842491,0.002857143,HandGun
1,1,0.9807326,0.6141391,0.05589744,0,0.1694505,0,0,0.004322344,HandGun
1,1,0.6677656,1,0.04798535,0,0.03157509,0,0.08871795,0.003150183,HandGun
1,1,0.9807326,0.6141391,0.05531136,0,0.1694505,0,0,0.004322344,HandGun
1,1,0.6510623,1,0.04681319,0,0.03128205,0,0.08959707,0.003150183,HandGun
1,1,0.9807326,0.6141391,0.05443224,0,0.1678388,0,0,0.004322344,HandGun
1,1,0.649597,1,0.04652015,0,0.03128205,0,0.08989011,0.003150183,HandGun
1,1,0.9807326,0.6141391,0.05443224,0,0.1678388,0,0,0.004322344,HandGun
1,1,0.649597,1,0.04652015,0,0.03128205,0,0.08989011,0.003150183,HandGun
1,1,0.9807326,0.6144322,0.05413919,0,0.1678388,0,0,0.004322344,HandGun
1,1,0.6463736,1,0.04388278,0,0.03010989,0,0.09076923,0.003150183,HandGun
1,1,0.9807326,0.6144322,0.05413919,0,0.1678388,0,0,0.004322344,HandGun
1,1,0.6463736,1,0.04095238,0,0.02630037,0,0.09194139,0.002857143,HandGun
1,1,0.9807326,0.6144322,0.05413919,0,0.1678388,0,0,0.004322344,HandGun
1,1,0.6352381,1,0.03978022,0,0.02424908,0,0.0934066,0.003150183,HandGun
1,1,0.9807326,0.6144322,0.05413919,0,0.1671062,0,0,0.004322344,HandGun
0.9877656,1,0.6305494,1,0.0389011,0,0.02249084,0,0.09369963,0.002857143,HandGun
1,1,0.9807326,0.6144322,0.05413919,0,0.1671062,0,0,0.003736264,HandGun
0.9860073,1,0.6305494,1,0.03831502,0,0.02249084,0,0.09369963,0.002857143,HandGun
1,1,0.9807326,0.6144322,0.05384615,0,0.1662271,0,0,0.003736264,HandGun
0.9775091,1,0.6305494,1,0.03772894,0,0.02161172,0,0.09252747,0.002564103,HandGun
1,1,0.9807326,0.6144322,0.05384615,0,0.1662271,0,0,0.003736264,HandGun
0.9745787,1,0.6305494,1,0.03655678,0,0.02043956,0,0.09223443,0.002564103,HandGun
1,1,0.9807326,0.6144322,0.05355311,0,0.1652015,0,0,0.003736264,HandGun
0.9707692,1,0.6305494,1,0.03509158,0,0.01838828,0,0.08989011,0.002271062,HandGun
1,1,0.9807326,0.6144322,0.05326007,0,0.1652015,0,0,0.003736264,HandGun
0.9707692,1,0.6305494,1,0.03421246,0,0.01750916,0,0.08842491,0.001684982,HandGun
1,1,0.9807326,0.6144322,0.05326007,0,0.1652015,0,0,0.003736264,HandGun
0.9707692,1,0.6308424,1,0.03391941,0,0.01663004,0,0.08725274,0.001391941,HandGun
1,1,0.9807326,0.6144322,0.05326007,0,0.1652015,0,0,0.004322344,HandGun
0.9707692,1,0.6317216,1,0.03304029,0,0.01575092,0,0.08666667,0.001391941,HandGun
1,1,0.9807326,0.6144322,0.05238095,0,0.1646154,0,0,0.003736264,HandGun
0.9707692,1,0.6328937,1,0.03216117,0,0.01545788,0,0.08608059,0.001098901,HandGun
1,1,0.9807326,0.6144322,0.05238095,0,0.1646154,0,0,0.003736264,HandGun
0.9707692,1,0.6328937,1,0.03216117,0,0.01545788,0,0.08608059,0.001098901,HandGun
1,1,0.9807326,0.6144322,0.05238095,0,0.1638828,0,0,0.003736264,HandGun
0.9707692,1,0.6466666,1,0.03010989,0,0.01516484,0,0.08578754,0.0008058608,HandGun
1,1,0.9807326,0.6144322,0.05208791,0,0.1630037,0,0,0.003736264,HandGun
0.9707692,1,0.6583883,1,0.03069597,0,0.01457876,0,0.08783883,0.0008058608,HandGun
1,1,0.9807326,0.6144322,0.05150183,0,0.1630037,0,0,0.003736264,HandGun
0.9707692,1,0.6701099,1,0.03157509,0,0.01428571,0,0.08930403,0.0008058608,HandGun
1,1,0.9807326,0.6144322,0.05150183,0,0.161685,0,0,0.003736264,HandGun
0.9748718,1,0.6824176,1,0.03216117,0,0.01399267,0,0.09076923,0.001098901,HandGun
1,1,0.9807326,0.6144322,0.05150183,0,0.161685,0,0,0.003736264,HandGun
0.9754578,1,0.6873993,1,0.03274725,0,0.01399267,0,0.09194139,0.001098901,HandGun
1,1,0.9807326,0.6144322,0.05091575,0,0.1606593,0,0,0.003736264,HandGun
0.9807326,1,0.7043956,1,0.03626374,0,0.01399267,0,0.09399267,0.001098901,HandGun
1,1,0.9807326,0.6144322,0.05032967,0,0.1581685,0,0,0.003736264,HandGun
0.983956,1,0.714945,1,0.03831502,0,0.01428571,0,0.09516484,0.001098901,HandGun
1,1,0.9807326,0.6144322,0.04974359,0,0.1555311,0,0,0.003736264,HandGun
0.9901099,1,0.7313553,1,0.0418315,0,0.01457876,0,0.0978022,0.001391941,HandGun
1,1,0.9807326,0.6144322,0.04945055,0,0.1511355,0,0,0.003443223,HandGun
0.998315,1,0.7430769,1,0.04358974,0,0.01516484,0,0.09897436,0.001391941,HandGun
1,1,0.9807326,0.6144322,0.04945055,0,0.1502564,0,0,0.003443223,HandGun
1,1,0.7483516,1,0.04505495,0,0.01575092,0,0.0992674,0.001391941,HandGun
1,1,0.9807326,0.6144322,0.04915751,0,0.1449817,0,0,0.003443223,HandGun
1,1,0.7562637,1,0.04681319,0,0.01663004,0,0.1004396,0.001391941,HandGun
1,1,0.9807326,0.6144322,0.04915751,0,0.14337,0,0,0.003736264,HandGun
1,1,0.7562637,1,0.04739927,0,0.01692308,0,0.1019048,0.001684982,HandGun
1,1,0.9807326,0.6144322,0.04886447,0,0.14,0,0,0.003150183,HandGun
1,1,0.7542124,1,0.04769231,0,0.01750916,0,0.1042491,0.001684982,HandGun
1,1,0.9807326,0.6144322,0.04857143,0,0.1379487,0,0,0.003443223,HandGun
1,1,0.7542124,1,0.04798535,0,0.01750916,0,0.1048352,0.001684982,HandGun
1,1,0.9807326,0.6147252,0.04857143,0,0.1370696,0,0,0.003736264,HandGun
1,1,0.7542124,1,0.04798535,0,0.01750916,0,0.1048352,0.001684982,HandGun
1,1,0.9807326,0.6147252,0.04857143,0,0.1364835,0,0,0.003443223,HandGun
1,1,0.7542124,1,0.04857143,0,0.01750916,0,0.1054212,0.001684982,HandGun
1,1,0.9807326,0.6147252,0.04857143,0,0.1341392,0,0,0.003150183,HandGun
1,1,0.7542124,1,0.04915751,0,0.01750916,0,0.1060073,0.001684982,HandGun
1,1,0.9807326,0.6153113,0.04798535,0,0.1268132,0,0,0.003443223,HandGun
1,1,0.7550915,1,0.05062271,0,0.01897436,0,0.1068864,0.001684982,HandGun
1,1,0.9807326,0.6153113,0.04769231,0,0.1222711,0,0,0.003150183,HandGun
1,1,0.7550915,1,0.05062271,0,0.01897436,0,0.1068864,0.001684982,HandGun
1,1,0.9807326,0.6153113,0.04769231,0,0.1206594,0,0,0.003150183,HandGun
1,1,0.7547985,1,0.05091575,0,0.0192674,0,0.1068864,0.001684982,HandGun
1,1,0.9807326,0.6153113,0.04739927,0,0.1181685,0,0,0.002857143,HandGun
1,1,0.7547985,1,0.05091575,0,0.01956044,0,0.1068864,0.002271062,HandGun
1,1,0.9807326,0.6156043,0.04739927,0,0.1164103,0,0,0.003150183,HandGun
1,1,0.7547985,1,0.05032967,0,0.0192674,0,0.1068864,0.001684982,HandGun
1,1,0.9807326,0.6161904,0.04681319,0,0.114359,0,0,0.003150183,HandGun
1,1,0.7547985,1,0.04915751,0,0.01809524,0,0.1068864,0.001684982,HandGun
1,1,0.9807326,0.6161904,0.04681319,0,0.1136264,0,0,0.003150183,HandGun
1,1,0.740293,1,0.04857143,0,0.0178022,0,0.1068864,0.001684982,HandGun
1,1,0.9807326,0.6161904,0.04652015,0,0.1102564,0,0,0.003443223,HandGun
1,1,0.7196337,1,0.04739927,0,0.01692308,0,0.1068864,0.001684982,HandGun
1,1,0.9807326,0.6161904,0.0462271,0,0.1079121,0,0,0.003150183,HandGun
1,1,0.7190476,1,0.04681319,0,0.01692308,0,0.1092308,0.002271062,HandGun
1,1,0.9807326,0.6161904,0.0462271,0,0.1061538,0,0,0.003150183,HandGun
1,1,0.7190476,1,0.04652015,0,0.0178022,0,0.1115751,0.002271062,HandGun
1,1,0.9807326,0.6161904,0.0462271,0,0.1058608,0,0,0.003150183,HandGun
1,1,0.7190476,1,0.04652015,0,0.01956044,0,0.1156777,0.002564103,HandGun
1,1,0.9807326,0.6161904,0.0462271,0,0.1058608,0,0,0.003150183,HandGun
1,1,0.7190476,1,0.04681319,0,0.01985348,0,0.1159707,0.002564103,HandGun
1,1,0.9807326,0.6161904,0.04593407,0,0.1039561,0,0,0.003150183,HandGun
1,1,0.7190476,1,0.04739927,0,0.0207326,0,0.1171429,0.002564103,HandGun
1,1,0.9807326,0.6161904,0.04564103,0,0.1020513,0,0,0.003150183,HandGun
1,1,0.7205128,1,0.04739927,0,0.02043956,0,0.118022,0.002564103,HandGun
1,1,0.9807326,0.6161904,0.04534798,0,0.1008791,0,0,0.003150183,HandGun
1,1,0.7228571,1,0.04681319,0,0.0192674,0,0.1189011,0.002564103,HandGun
1,1,0.9807326,0.6161904,0.04505495,0,0.09970696,0,0,0.003443223,HandGun
1,1,0.7252015,1,0.04652015,0,0.0192674,0,0.1212454,0.002564103,HandGun
1,1,0.9807326,0.6161904,0.04505495,0,0.09956044,0,0,0.003150183,HandGun
1,1,0.7254945,1,0.04652015,0,0.0192674,0,0.1215385,0.002564103,HandGun
1,1,0.9807326,0.6170696,0.0447619,0,0.09809523,0,0,0.003443223,HandGun
1,1,0.7266667,1,0.04681319,0,0.01985348,0,0.1238828,0.002857143,HandGun
1,1,0.9824908,0.6176556,0.04417583,0,0.09721611,0,0,0.003443223,HandGun
1,1,0.7266667,1,0.04652015,0,0.01985348,0,0.125641,0.002857143,HandGun
1,1,0.9827839,0.6179487,0.04388278,0,0.09648351,0,0,0.003736264,HandGun
1,1,0.7266667,1,0.0462271,0,0.0207326,0,0.1282784,0.003150183,HandGun
1,1,0.9830769,0.6188278,0.04358974,0,0.09545788,0,0,0.003443223,HandGun
1,1,0.7266667,1,0.0462271,0,0.0207326,0,0.1294505,0.003150183,HandGun
1,1,0.9845421,0.6220512,0.0432967,0,0.09443225,0,0,0.003736264,HandGun
1,1,0.7266667,1,0.0462271,0,0.02102564,0,0.1315018,0.003150183,HandGun
1,1,0.9845421,0.6226373,0.04300366,0,0.09238097,0,0,0.003736264,HandGun
1,1,0.7301832,1,0.0462271,0,0.0221978,0,0.1350183,0.003443223,HandGun
1,1,0.9845421,0.6211721,0.04271062,0,0.08959708,0,0,0.003736264,HandGun
1,1,0.7334067,1,0.04769231,0,0.02542125,0,0.1414652,0.003736264,HandGun
1,1,0.9845421,0.6211721,0.04271062,0,0.09047619,0,0,0.003736264,HandGun
1,1,0.736044,1,0.04886447,0,0.02835165,0,0.1446887,0.003736264,HandGun
1,1,0.9845421,0.6211721,0.04271062,0,0.09047619,0,0,0.003736264,HandGun
1,1,0.7348719,1,0.04886447,0,0.02952381,0,0.1464469,0.004029304,HandGun
1,1,0.9845421,0.6211721,0.04241758,0,0.09018315,0,0,0.003736264,HandGun
1,1,0.7345788,1,0.04915751,0,0.02981685,0,0.1484982,0.004029304,HandGun
1,1,0.9845421,0.6211721,0.0418315,0,0.08930403,0,0,0.003736264,HandGun
1,1,0.7345788,1,0.05003663,0,0.03098901,0,0.1499634,0.004029304,HandGun
1,1,0.9845421,0.6211721,0.04153846,0,0.08871795,0,0,0.003736264,HandGun
1,1,0.7348719,1,0.05267399,0,0.03391941,0,0.1505495,0.004029304,HandGun
1,1,0.9845421,0.6211721,0.04153846,0,0.08871795,0,0,0.003443223,HandGun
1,1,0.7366301,1,0.05472527,0,0.03684982,0,0.1517216,0.004322344,HandGun
1,1,0.9845421,0.6211721,0.04153846,0,0.08871795,0,0,0.003443223,HandGun
1,1,0.7366301,1,0.05501831,0,0.03684982,0,0.1517216,0.004322344,HandGun
1,1,0.9845421,0.6211721,0.04124542,0,0.08813187,0,0,0.003443223,HandGun
1,1,0.7363371,1,0.05560439,0,0.03802198,0,0.1517216,0.004322344,HandGun
1,1,0.9845421,0.6211721,0.04124542,0,0.08783883,0,0,0.003443223,HandGun
1,1,0.7363371,1,0.05589744,0,0.03802198,0,0.1517216,0.004322344,HandGun
1,1,0.9845421,0.6211721,0.04124542,0,0.08813187,0,0,0.003443223,HandGun
0.9803663,1,0.7363371,1,0.0585348,0,0.03860806,0,0.1517216,0.004029304,HandGun
1,1,0.9845421,0.6211721,0.04095238,0,0.08813187,0,0,0.003443223,HandGun
0.9517949,1,0.7363371,1,0.06117216,0,0.04065934,0,0.1517216,0.004029304,HandGun
1,1,0.9845421,0.6211721,0.04095238,0,0.08813187,0,0,0.003443223,HandGun
0.9328938,1,0.7363371,1,0.06234432,0,0.0418315,0,0.1517216,0.004029304,HandGun
1,1,0.9845421,0.6211721,0.04095238,0,0.08842491,0,0,0.003443223,HandGun
0.9312088,1,0.7363371,1,0.06293041,0,0.0432967,0,0.1517216,0.004029304,HandGun
1,1,0.9848351,0.6211721,0.04095238,0,0.08871795,0,0,0.003443223,HandGun
0.932967,1,0.7372162,1,0.06644689,0,0.04798535,0,0.1517216,0.004029304,HandGun
1,1,0.9848351,0.6211721,0.04095238,0,0.08871795,0,0,0.003443223,HandGun
0.9332601,1,0.7372162,1,0.06996337,0,0.05238095,0,0.1517216,0.004029304,HandGun
1,1,0.9848351,0.6211721,0.04124542,0,0.08930403,0,0,0.003150183,HandGun
0.9341392,1,0.7386814,1,0.07260073,0,0.05677656,0,0.1517216,0.003736264,HandGun
1,1,0.9848351,0.6211721,0.04124542,0,0.08959707,0,0,0.003443223,HandGun
0.9350183,1,0.7392675,1,0.07347985,0,0.0585348,0,0.1517216,0.003736264,HandGun
1,1,0.9848351,0.6211721,0.04124542,0,0.09018315,0,0,0.003443223,HandGun
0.9367766,1,0.7416118,1,0.07260073,0,0.06,0,0.1517216,0.003736264,HandGun
1,1,0.9848351,0.6211721,0.04241758,0,0.09018315,0,0,0.003150183,HandGun
0.9587546,1,0.7542126,1,0.07230769,0,0.06087912,0,0.1517216,0.003736264,HandGun
1,1,0.9848351,0.6211721,0.04271062,0,0.09047619,0,0,0.003443223,HandGun
0.9807326,1,0.7671063,1,0.07406593,0,0.0614652,0,0.154359,0.004908425,HandGun
1,1,0.9848351,0.6211721,0.0432967,0,0.09047619,0,0,0.003150183,HandGun
0.9851282,1,0.7682785,1,0.07406593,0,0.0614652,0,0.1581685,0.005201465,HandGun
1,1,0.9848351,0.6211721,0.04300366,0,0.09076923,0,0,0.003443223,HandGun
0.9889377,1,0.7679854,1,0.07406593,0,0.0614652,0,0.1625641,0.006373626,HandGun
1,1,0.9848351,0.6211721,0.0432967,0,0.09106227,0,0,0.003443223,HandGun
0.9918681,1,0.757436,1,0.07113553,0,0.06556777,0,0.1786813,0.008131868,HandGun
1,1,0.9848351,0.6211721,0.04388278,0,0.09194139,0,0,0.003443223,HandGun
0.9804395,1,0.73663,1,0.07113553,0,0.06820513,0,0.1783883,0.008131868,HandGun
1,1,0.9848351,0.6211721,0.0447619,0,0.09223443,0,0,0.003150183,HandGun
0.9596337,1,0.7281319,1,0.07113553,0,0.07142857,0,0.1775092,0.008131868,HandGun
0.9994139,1,0.9857143,0.6211721,0.0447619,0,0.09282051,0,0,0.003443223,HandGun
0.9499634,1,0.7237363,1,0.07142857,0,0.07201465,0,0.1769231,0.007545787,HandGun
0.9994139,1,0.9854212,0.6211721,0.0447619,0,0.0934066,0,0,0.003150183,HandGun
0.9417582,1,0.7196337,1,0.07260073,0,0.07318681,0,0.1769231,0.007545787,HandGun
0.9994139,1,0.9851282,0.6211721,0.0447619,0,0.09399267,0,0,0.003150183,HandGun
0.9356044,1,0.7172894,1,0.07377289,0,0.07553113,0,0.1769231,0.007252747,HandGun
0.9994139,1,0.9874725,0.6211721,0.04388278,0,0.09575091,0,0,0.003150183,HandGun
0.9341392,1,0.7172894,1,0.07406593,0,0.07582418,0,0.1769231,0.007252747,HandGun
0.9994139,1,0.9874725,0.6211721,0.04388278,0,0.096337,0,0,0.003150183,HandGun
0.9306227,1,0.7172894,1,0.07523809,0,0.07728938,0,0.1769231,0.006959707,HandGun
0.9994139,1,0.9868864,0.6211721,0.04388278,0,0.096337,0,0,0.003150183,HandGun
0.9241758,1,0.7172894,1,0.07787546,0,0.0810989,0,0.1769231,0.006959707,HandGun
1,1,0.9874725,0.6211721,0.04358974,0,0.096337,0,0,0.002857143,HandGun
0.9165568,1,0.7172894,1,0.08373626,0,0.08959707,0,0.1769231,0.006959707,HandGun
1,1,0.9874725,0.6211721,0.04358974,0,0.09663004,0,0,0.002564103,HandGun
0.9153846,1,0.7172894,1,0.08637363,0,0.09428571,0,0.1769231,0.006959707,HandGun
1,1,0.9874725,0.6211721,0.04358974,0,0.09663004,0,0,0.002271062,HandGun
0.9153846,1,0.7225641,1,0.08901099,0,0.1004396,0,0.1769231,0.006666667,HandGun
1,1,0.9874725,0.6211721,0.04358974,0,0.09545787,0,0,0.001978022,HandGun
0.9153846,1,0.7252015,1,0.09164836,0,0.1042491,0,0.1769231,0.006666667,HandGun
1,1,0.9874725,0.6211721,0.04358974,0,0.09516484,0,0,0.001391941,HandGun
0.9153846,1,0.729011,1,0.09428571,0,0.1074725,0,0.1772161,0.006666667,HandGun
1,1,0.9817582,0.6211721,0.0432967,0,0.09457876,0,0,0.001391941,HandGun
0.9171429,1,0.7336996,1,0.09750916,0,0.1118681,0,0.1778022,0.006666667,HandGun
1,1,0.9817582,0.6211721,0.04271062,0,0.09428571,0,0,0.001391941,HandGun
0.9168498,1,0.743663,1,0.1030769,0,0.1186081,0,0.1792674,0.006666667,HandGun
1,1,0.9817582,0.6211721,0.04271062,0,0.09399267,0,0,0.0008058608,HandGun
0.9168498,1,0.7498168,1,0.1054212,0,0.1224176,0,0.1798535,0.006959707,HandGun
1,1,0.9817582,0.6211721,0.04241758,0,0.09369963,0,0,0.001391941,HandGun
0.9168498,1,0.7504029,1,0.1057143,0,0.1235897,0,0.1792674,0.006666667,HandGun
1,1,0.9817582,0.6211721,0.04241758,0,0.09282051,0,0,0.0008058608,HandGun
0.9168498,1,0.7504029,1,0.1057143,0,0.1250549,0,0.1792674,0.006666667,HandGun
1,1,0.9817582,0.6211721,0.0418315,0,0.09194139,0,0,0.0008058608,HandGun
0.9191942,1,0.7498168,1,0.1057143,0,0.125348,0,0.1792674,0.006666667,HandGun
1,1,0.9817582,0.6211721,0.04124542,0,0.09164836,0,0,0.0005128205,HandGun
0.9241758,1,0.7498168,1,0.1057143,0,0.125641,0,0.1792674,0.006373626,HandGun
1,1,0.9817582,0.6211721,0.04124542,0,0.09135531,0,0,0.0005128205,HandGun
0.9282784,1,0.7530403,1,0.1057143,0,0.125641,0,0.1792674,0.005787546,HandGun
1,1,0.9817582,0.6211721,0.04095238,0,0.09106227,0,0,0.0005128205,HandGun
0.9335531,1,0.7539194,1,0.1057143,0,0.125641,0,0.1792674,0.005787546,HandGun
1,1,0.9817582,0.6211721,0.04095238,0,0.09106227,0,0,0.0005128205,HandGun
0.9388278,1,0.7553846,1,0.1057143,0,0.125641,0,0.1792674,0.005787546,HandGun
1,1,0.9817582,0.6211721,0.04065934,0,0.09106227,0,0,0.0005128205,HandGun
0.9414652,1,0.7550915,1,0.1057143,0,0.125641,0,0.1801465,0.006373626,HandGun
1,1,0.9817582,0.6211721,0.04007326,0,0.09135531,0,0,0.0002197802,HandGun
0.9449817,1,0.758608,1,0.1057143,0,0.125641,0,0.1816117,0.006373626,HandGun
1,1,0.9823443,0.6211721,0.0403663,0,0.09194139,0,0,0.0002197802,HandGun
0.9443956,1,0.758315,1,0.1057143,0,0.125641,0,0.1819048,0.006373626,HandGun
1,1,0.9829304,0.6211721,0.04007326,0,0.09223443,0,0,0.0002197802,HandGun
0.9432234,1,0.758315,1,0.1057143,0,0.125641,0,0.1830769,0.006373626,HandGun
1,1,0.9838095,0.6211721,0.0403663,0,0.0934066,0,0,0.0005128205,HandGun
0.9432234,1,0.758315,1,0.103663,0,0.1259341,0,0.1842491,0.006373626,HandGun
1,1,0.9841025,0.6211721,0.0403663,0,0.09428571,0,0,0.0002197802,HandGun
0.9432234,1,0.758315,1,0.09868132,0,0.1259341,0,0.1842491,0.006373626,HandGun
1,1,0.9849817,0.6211721,0.04065934,0,0.0948718,0,0,0.0002197802,HandGun
0.9432234,1,0.758315,1,0.09750916,0,0.1259341,0,0.1842491,0.006373626,HandGun
1,1,0.9855677,0.6211721,0.04065934,0,0.09516484,0,0,0.0002197802,HandGun
0.9432234,1,0.758315,1,0.09750916,0,0.1259341,0,0.1842491,0.006373626,HandGun
0.9873993,1,0.9861538,0.6211721,0.04007326,0,0.096337,0,0,0.0002197802,HandGun
0.9432234,1,0.758315,1,0.09721611,0,0.1259341,0,0.1842491,0.006373626,HandGun
0.9737729,1,0.9855677,0.6211721,0.04007326,0,0.096337,0,0,0.0002197802,HandGun
0.9432234,1,0.758315,1,0.09721611,0,0.1259341,0,0.1842491,0.006373626,HandGun
0.9670329,1,0.9849817,0.6211721,0.03978022,0,0.09575091,0,0,0,HandGun
0.9432234,1,0.758315,1,0.09721611,0,0.1259341,0,0.1842491,0.006373626,HandGun
0.9670329,1,0.9849817,0.6211721,0.03978022,0,0.09516484,0,0,0,HandGun
0.9432234,1,0.758315,1,0.09750916,0,0.1265202,0,0.1848352,0.006373626,HandGun
0.9670329,1,0.9849817,0.6211721,0.03978022,0,0.09457876,0,0,0,HandGun
0.9432234,1,0.758315,1,0.09838828,0,0.1282784,0,0.1857143,0.006666667,HandGun
0.9670329,1,0.9849817,0.6214652,0.03948718,0,0.09428571,0,0,0,HandGun
0.9432234,1,0.7600732,1,0.09985348,0,0.1309158,0,0.1863004,0.006666667,HandGun
0.9670329,1,0.9849817,0.6214652,0.03948718,0,0.09399267,0,0,0,HandGun
0.9432234,1,0.7612454,1,0.1013187,0,0.1332601,0,0.1874725,0.006666667,HandGun
0.9711355,1,0.9849817,0.6214652,0.03978022,0,0.09282051,0,0,0,HandGun
0.9452747,1,0.7659341,1,0.1063004,0,0.1391209,0,0.1904029,0.006959707,HandGun
0.975238,1,0.9849817,0.6214652,0.03948718,0,0.09252747,0,0,0,HandGun
0.9508424,1,0.7694505,1,0.110989,0,0.1461539,0,0.1918681,0.007252747,HandGun
0.9764102,1,0.9849817,0.6214652,0.03948718,0,0.09223443,0,0,0,HandGun
0.954945,1,0.772967,1,0.1136264,0,0.1502564,0,0.1927473,0.007252747,HandGun
0.9775823,1,0.9849817,0.6223444,0.0389011,0,0.09164836,0,0,0,HandGun
0.9652014,1,0.78,1,0.1203663,0,0.1608059,0,0.1942125,0.007252747,HandGun
0.9775823,1,0.9849817,0.6223444,0.03860806,0,0.09135531,0,0,0,HandGun
0.9678388,1,0.7826374,1,0.1235897,0,0.1660806,0,0.1945055,0.007545787,HandGun
0.9778754,1,0.9849817,0.6223444,0.03831502,0,0.09106227,0,0,0,HandGun
0.9675457,1,0.7823443,1,0.125641,0,0.1704762,0,0.1945055,0.007252747,HandGun
0.9784614,1,0.9849817,0.6223444,0.03831502,0,0.09106227,0,0,0,HandGun
0.9663736,1,0.7814652,1,0.1262271,0,0.1716484,0,0.1945055,0.007545787,HandGun
0.9790475,1,0.9849817,0.6223444,0.03802198,0,0.09076923,0,0,0,HandGun
0.9663736,1,0.7814652,1,0.1262271,0,0.1716484,0,0.1945055,0.007545787,HandGun
0.9802197,1,0.9849817,0.6223444,0.03802198,0,0.09076923,0,0,0,HandGun
0.9663736,1,0.7814652,1,0.1262271,0,0.1713553,0,0.1945055,0.007545787,HandGun
0.9810988,1,0.9849817,0.6223444,0.03772894,0,0.09076923,0,0,0,HandGun
0.9663736,1,0.7814652,1,0.1262271,0,0.1713553,0,0.1945055,0.007545787,HandGun
0.9816849,1,0.9870329,0.6223444,0.03772894,0,0.09106227,0,0,0,HandGun
0.9663736,1,0.7814652,1,0.1262271,0,0.1713553,0,0.1945055,0.007545787,HandGun
0.9816849,1,0.9870329,0.6223444,0.0374359,0,0.09135531,0,0,0,HandGun
0.9663736,1,0.7814652,1,0.1262271,0,0.1713553,0,0.1945055,0.007252747,HandGun
0.9761171,1,0.9884982,0.6223444,0.03714286,0,0.09252747,0,0,0,HandGun
0.9663736,1,0.7814652,1,0.1262271,0,0.1713553,0,0.1945055,0.007252747,HandGun
0.963663,1,0.9893773,0.6223444,0.03714286,0,0.09282051,0,0,0,HandGun
0.9663736,1,0.7814652,1,0.1262271,0,0.1713553,0,0.1953846,0.007545787,HandGun
0.9572894,1,0.9887912,0.6223444,0.03714286,0,0.0934066,0,0,0,HandGun
0.9663736,1,0.7814652,1,0.1262271,0,0.1713553,0,0.1971429,0.007545787,HandGun
0.9572894,1,0.9887912,0.6223444,0.03684982,0,0.09369963,0,0,0,HandGun
0.9663736,1,0.7814652,1,0.1262271,0,0.1713553,0,0.1994872,0.007545787,HandGun
0.9572894,1,0.9887912,0.6223444,0.03684982,0,0.09369963,0,0,0,HandGun
0.9663736,1,0.7814652,1,0.1262271,0,0.1713553,0,0.2012454,0.007545787,HandGun
0.9572894,1,0.9887912,0.6223444,0.03684982,0,0.09399267,0,0,0,HandGun
0.9663736,1,0.7814652,1,0.1262271,0,0.1713553,0,0.2027106,0.007545787,HandGun
0.9572894,1,0.9887912,0.6223444,0.03684982,0,0.09399267,0,0,0,HandGun
0.9663736,1,0.7814652,1,0.1262271,0,0.1713553,0,0.2038828,0.007838828,HandGun
0.9572894,1,0.9887912,0.6223444,0.03714286,0,0.0934066,0,0,0,HandGun
0.9663736,1,0.7814652,1,0.1262271,0,0.1713553,0,0.205348,0.007838828,HandGun
0.9572894,1,0.9887912,0.6226374,0.03772894,0,0.09252747,0,0,0,HandGun
0.9675457,1,0.7814652,1,0.1262271,0,0.1713553,0,0.205641,0.007838828,HandGun
0.9587546,1,0.9887912,0.6235166,0.03802198,0,0.09194139,0,0,0,HandGun
0.9701831,1,0.7814652,1,0.1262271,0,0.1713553,0,0.2062271,0.007838828,HandGun
0.9613919,1,0.9887912,0.6238096,0.03831502,0,0.09106227,0,0,0,HandGun
0.9751648,1,0.7838095,1,0.1271062,0,0.1713553,0,0.2062271,0.007838828,HandGun
0.9634432,1,0.9887912,0.6241026,0.03831502,0,0.09076923,0,0,0,HandGun
0.9778022,1,0.7849816,1,0.1271062,0,0.1713553,0,0.2062271,0.007838828,HandGun
0.9681319,1,0.9887912,0.6241026,0.03831502,0,0.09047619,0,0,0,HandGun
0.9807326,1,0.7861538,1,0.1271062,0,0.1713553,0,0.2062271,0.007838828,HandGun
0.9760439,1,0.9887912,0.6241026,0.03831502,0,0.08930403,0,0,0,HandGun
0.9845421,1,0.787326,1,0.1271062,0,0.1713553,0,0.2062271,0.007838828,HandGun
0.9769231,1,0.9887912,0.6241026,0.03802198,0,0.08930403,0,0,0,HandGun
0.9863003,1,0.7884981,1,0.1271062,0,0.1722344,0,0.2062271,0.007838828,HandGun
0.9786813,1,0.9887912,0.6241026,0.03772894,0,0.08901099,0,0,0,HandGun
0.9994871,1,0.7969963,1,0.1297436,0,0.1754579,0,0.2062271,0.007838828,HandGun
0.9789743,1,0.9887912,0.6241026,0.0374359,0,0.08871795,0,0,0,HandGun
1,1,0.8013919,1,0.1320879,0,0.1786813,0,0.2062271,0.007838828,HandGun
0.9804395,1,0.9887912,0.6241026,0.03714286,0,0.08842491,0,0,0,HandGun
1,1,0.8043223,1,0.1332601,0,0.1804396,0,0.2065202,0.007838828,HandGun
0.983956,1,0.9887912,0.6241026,0.03684982,0,0.08842491,0,0,0,HandGun
1,1,0.8060805,1,0.1332601,0,0.1816117,0,0.2073993,0.008131868,HandGun
0.9848351,1,0.9887912,0.6241026,0.03626374,0,0.08813187,0,0,0,HandGun
1,1,0.8063736,1,0.1332601,0,0.1813187,0,0.2073993,0.008131868,HandGun
0.9854212,1,0.9887912,0.6241026,0.03626374,0,0.08813187,0,0,0,HandGun
1,1,0.8057875,1,0.1332601,0,0.1810257,0,0.2073993,0.007838828,HandGun
0.9860073,1,0.9887912,0.6241026,0.03626374,0,0.08813187,0,0,0,HandGun
1,1,0.8057875,1,0.1332601,0,0.1810257,0,0.2073993,0.007838828,HandGun
0.9889377,1,0.9887912,0.6241026,0.0359707,0,0.08783883,0,0,0,HandGun
1,1,0.8057875,1,0.1332601,0,0.1810257,0,0.2073993,0.007545787,HandGun
0.9927472,1,0.9887912,0.6241026,0.0359707,0,0.08783883,0,0,0,HandGun
1,1,0.8057875,1,0.1332601,0,0.1810257,0,0.2073993,0.007545787,HandGun
0.9930403,1,0.9887912,0.6241026,0.0359707,0,0.08754579,0,0,0,HandGun
1,1,0.8057875,1,0.1332601,0,0.1810257,0,0.2073993,0.007545787,HandGun
0.9945055,1,0.9887912,0.6246887,0.0359707,0,0.08754579,0,0,0,HandGun
1,1,0.8057875,1,0.1332601,0,0.1810257,0,0.2073993,0.007545787,HandGun
0.9921612,1,0.9890842,0.6246887,0.03567766,0,0.08783883,0,0,0,HandGun
1,1,0.8057875,1,0.1332601,0,0.1810257,0,0.2079854,0.007545787,HandGun
0.9918681,1,0.9899633,0.6249817,0.03538461,0,0.08783883,0,0,0,HandGun
1,1,0.8057875,1,0.1332601,0,0.1810257,0,0.2079854,0.007838828,HandGun
0.9918681,1,0.9896703,0.6249817,0.03538461,0,0.08783883,0,0,0,HandGun
1,1,0.8057875,1,0.1332601,0,0.1810257,0,0.2079854,0.007545787,HandGun
0.9918681,1,0.9896703,0.6249817,0.03538461,0,0.08813187,0,0,0,HandGun
1,1,0.8057875,1,0.1332601,0,0.1810257,0,0.2079854,0.007545787,HandGun
0.9918681,1,0.9896703,0.6249817,0.03538461,0,0.08842491,0,0,0,HandGun
1,1,0.8057875,1,0.1332601,0,0.1810257,0,0.2079854,0.007545787,HandGun
0.9918681,1,0.9899634,0.6249817,0.03509158,0,0.08842491,0,0,0,HandGun
1,1,0.8057875,1,0.1332601,0,0.1810257,0,0.2079854,0.007545787,HandGun
0.9918681,1,0.9899634,0.6249817,0.03509158,0,0.08871795,0,0,0,HandGun
1,1,0.8057875,1,0.1332601,0,0.1810257,0,0.2079854,0.007545787,HandGun
0.9918681,1,0.9899634,0.6249817,0.03479854,0,0.08842491,0,0,0,HandGun
1,1,0.8057875,1,0.1332601,0,0.1810257,0,0.2079854,0.007252747,HandGun
0.9918681,1,0.9899634,0.6249817,0.03479854,0,0.08842491,0,0,0,HandGun
1,1,0.8057875,1,0.1332601,0,0.1810257,0,0.2079854,0.007252747,HandGun
0.9918681,1,0.9899634,0.6249817,0.03509158,0,0.08842491,0,0,0,HandGun
1,1,0.8057875,1,0.1332601,0,0.1810257,0,0.2079854,0.007252747,HandGun
0.9918681,1,0.9899634,0.6249817,0.03479854,0,0.08842491,0,0,0,HandGun
1,1,0.8057875,1,0.1332601,0,0.1810257,0,0.2079854,0.006959707,HandGun
0.9918681,1,0.9899634,0.6249817,0.03479854,0,0.08842491,0,0,0,HandGun
1,1,0.8057875,1,0.1332601,0,0.1821978,0,0.2079854,0.006666667,HandGun
0.9918681,1,0.9899634,0.6249817,0.03479854,0,0.08842491,0,0,0,HandGun
1,1,0.8057875,1,0.1332601,0,0.1827839,0,0.2079854,0.006666667,HandGun
0.9918681,1,0.9899634,0.6249817,0.03479854,0,0.08813187,0,0,0,HandGun
1,1,0.8057875,1,0.1347253,0,0.1854213,0,0.2079854,0.005787546,HandGun
0.9918681,1,0.9899634,0.6249817,0.03479854,0,0.08813187,0,0,0,HandGun
1,1,0.8078387,1,0.1376557,0,0.1901099,0,0.1770696,0.005494506,HandGun
0.9918681,1,0.9899634,0.6249817,0.03479854,0,0.08783883,0,0,0,HandGun
1,1,0.8113552,1,0.1408791,0,0.1942125,0,0.1599267,0.005201465,HandGun
0.9930403,1,0.9899634,0.6249817,0.03479854,0,0.08754579,0,0,0,HandGun
1,1,0.8136995,1,0.1435165,0,0.1971429,0,0.1599267,0.004908425,HandGun
0.9953846,1,0.9899634,0.6249817,0.03479854,0,0.08754579,0,0,0,HandGun
1,1,0.8139926,1,0.1443956,0,0.198315,0,0.1599267,0.004908425,HandGun
0.9986081,1,0.9899634,0.6249817,0.03479854,0,0.08725274,0,0,0,HandGun
1,1,0.8128204,1,0.1441026,0,0.198022,0,0.1599267,0.004615385,HandGun
0.9991941,1,0.9899634,0.6249817,0.03479854,0,0.08725274,0,0,0,HandGun
1,1,0.8128204,1,0.1441026,0,0.198022,0,0.1599267,0.004615385,HandGun
1,1,0.9899634,0.6249817,0.03450549,0,0.08754579,0,0,0,HandGun
1,1,0.8128204,1,0.1435165,0,0.1971429,0,0.1599267,0.004322344,HandGun
1,1,0.9899634,0.6249817,0.03479854,0,0.08754579,0,0,0,HandGun
1,1,0.8128204,1,0.1435165,0,0.1971429,0,0.1599267,0.004029304,HandGun
1,1,0.9899634,0.6249817,0.03479854,0,0.08754579,0,0,0,HandGun
0.9928205,1,0.8128204,1,0.1435165,0,0.1971429,0,0.1599267,0.003736264,HandGun
1,1,0.9899634,0.6249817,0.03479854,0,0.08783883,0,0,0,HandGun
0.9727472,1,0.8128204,1,0.1435165,0,0.1971429,0,0.1599267,0.003736264,HandGun
1,1,0.9902564,0.6249817,0.03509158,0,0.08813187,0,0,0,HandGun
0.9405128,1,0.8128204,1,0.1435165,0,0.190696,0,0.1599267,0.003443223,HandGun
1,1,0.9914286,0.6249817,0.03479854,0,0.08871795,0,0,0,HandGun
0.932381,1,0.7854211,1,0.1435165,0,0.1622711,0,0.1599267,0.002857143,HandGun
1,1,0.9914286,0.6249817,0.03479854,0,0.08871795,0,0,0,HandGun
0.932381,1,0.7788278,1,0.1435165,0,0.1622711,0,0.1599267,0.002857143,HandGun
1,1,0.9920146,0.6249817,0.03450549,0,0.09018315,0,0,0,HandGun
0.932381,1,0.7457142,1,0.1435165,0,0.1622711,0,0.1599267,0.002564103,HandGun
1,1,0.9920146,0.6249817,0.03450549,0,0.09076923,0,0,0,HandGun
0.932381,1,0.729304,1,0.1435165,0,0.1622711,0,0.1599267,0.002271062,HandGun
1,1,0.9920146,0.6249817,0.03421246,0,0.09164836,0,0,0,HandGun
0.932381,1,0.7228571,1,0.1435165,0,0.1622711,0,0.1599267,0.001684982,HandGun
1,1,0.9931868,0.6249817,0.03421246,0,0.09223443,0,0,0,HandGun
0.932381,1,0.7184615,1,0.1435165,0,0.1622711,0,0.1599267,0.001684982,HandGun
1,1,0.9937729,0.6249817,0.03450549,0,0.09282051,0,0,0,HandGun
0.932381,1,0.7184615,1,0.1435165,0,0.1622711,0,0.1599267,0.001391941,HandGun
0.9754578,1,0.994359,0.6252748,0.03421246,0,0.09399267,0,0,0,HandGun
0.932381,1,0.7184615,1,0.1435165,0,0.1622711,0,0.1599267,0.001391941,HandGun
0.9716483,1,0.994945,0.6258608,0.03450549,0,0.09457876,0,0,0,HandGun
0.932381,1,0.7184615,1,0.1435165,0,0.1622711,0,0.1599267,0.001391941,HandGun
0.9707692,1,0.9978755,0.6255678,0.03421246,0,0.0948718,0,0,0,HandGun
0.932381,1,0.7184615,1,0.1435165,0,0.1622711,0,0.1599267,0.001098901,HandGun
0.9707692,1,0.9993407,0.6255678,0.03421246,0,0.0948718,0,0,0,HandGun
0.932381,1,0.7184615,1,0.1435165,0,0.1622711,0,0.1599267,0.001098901,HandGun
0.9707692,1,1,0.6255678,0.03421246,0,0.0948718,0,0,0,HandGun
0.932381,1,0.7184615,1,0.1435165,0,0.1622711,0,0.1599267,0.001098901,HandGun
0.9734066,1,1,0.6255678,0.03421246,0,0.09457876,0,0,0,HandGun
0.9191941,1,0.7184615,1,0.1435165,0,0.1622711,0,0.1599267,0.0008058608,HandGun
0.9751648,1,1,0.6255678,0.03421246,0,0.09428571,0,0,0,HandGun
0.9001465,1,0.7184615,1,0.1435165,0,0.1622711,0,0.1599267,0.001098901,HandGun
0.9854212,1,1,0.6255678,0.03450549,0,0.09369963,0,0,0,HandGun
0.8957509,1,0.7184615,1,0.1435165,0,0.1622711,0,0.1372161,0.001098901,HandGun
0.9877656,1,1,0.6255678,0.03450549,0,0.0934066,0,0,0,HandGun
0.8919414,1,0.7184615,1,0.1435165,0,0.1581685,0,0.1306227,0.001391941,HandGun
0.9874725,1,1,0.6255678,0.03450549,0,0.09282051,0,0,0,HandGun
0.8919414,1,0.7184615,1,0.1435165,0,0.1581685,0,0.1181685,0.001391941,HandGun
0.9860073,1,1,0.6255678,0.03450549,0,0.09252747,0,0,0,HandGun
0.8919414,1,0.7184615,1,0.1338462,0,0.1542124,0,0.09399267,0.001391941,HandGun
0.9860073,1,1,0.6255678,0.03450549,0,0.09223443,0,0,0,HandGun
0.8919414,1,0.7184615,1,0.1271062,0,0.1542124,0,0.09223443,0.001391941,HandGun
0.9860073,1,1,0.6255678,0.03421246,0,0.09164836,0,0,0,HandGun
0.8919414,1,0.7184615,1,0.1150916,0,0.150696,0,0.09106227,0.001098901,HandGun
0.9860073,1,1,0.6255678,0.03421246,0,0.09164836,0,0,0,HandGun
0.8919414,1,0.7184615,1,0.1095238,0,0.150696,0,0.09047619,0.001098901,HandGun
0.9863003,1,1,0.6255678,0.03421246,0,0.09076923,0,0,0,HandGun
0.8934066,1,0.7184615,1,0.0939927,0,0.1423443,0,0.08842491,0.0008058608,HandGun
0.9863003,1,1,0.6255678,0.03391941,0,0.09047619,0,0,0,HandGun
0.8969231,1,0.7184615,1,0.09076923,0,0.1356044,0,0.08725274,0.0005128205,HandGun
0.9863003,1,1,0.6255678,0.03391941,0,0.09018315,0,0,0,HandGun
0.9004395,1,0.7184615,1,0.09018315,0,0.1313553,0,0.08725274,0.0005128205,HandGun
0.9863003,1,1,0.6255678,0.03333334,0,0.08959707,0,0,0,HandGun
0.9089377,1,0.7184615,1,0.08783883,0,0.1161172,0,0.08783883,0.0002197802,HandGun
0.9863003,1,1,0.6255678,0.03333334,0,0.08959707,0,0,0,HandGun
0.9095238,1,0.7184615,1,0.08725274,0,0.1124542,0,0.08783883,0.0002197802,HandGun
0.9863003,1,1,0.6255678,0.03304029,0,0.08930403,0,0,0,HandGun
0.9124542,1,0.7184615,1,0.08578754,0,0.09912087,0,0.08725274,0,HandGun
0.9863003,1,1,0.6255678,0.03304029,0,0.08930403,0,0,0,HandGun
0.9127472,1,0.7184615,1,0.08520146,0,0.09604395,0,0.08725274,0,HandGun
0.9863003,1,1,0.6255678,0.03274725,0,0.08901099,0,0,0,HandGun
0.9139194,1,0.7184615,1,0.08490843,0,0.09032968,0,0.0869597,0,HandGun
0.9863003,1,1,0.6255678,0.03274725,0,0.08901099,0,0,0,HandGun
0.9139194,1,0.6815385,1,0.08051282,0,0.08168498,0,0.08871795,0,HandGun
0.9863003,1,1,0.6255678,0.03274725,0,0.08871795,0,0,0,HandGun
0.9133333,1,0.6737728,1,0.08021978,0,0.08080586,0,0.08871795,0,HandGun
0.9863003,1,1,0.6255678,0.03245421,0,0.08871795,0,0,0,HandGun
0.9127472,1,0.6645421,1,0.0781685,0,0.07787546,0,0.08930403,0,HandGun
0.9863003,1,1,0.6255678,0.03245421,0,0.08871795,0,0,0,HandGun
0.9127472,1,0.6645421,1,0.07641026,0,0.07523809,0,0.08930403,0,HandGun
0.9863003,1,1,0.6255678,0.03216117,0,0.08871795,0,0,0,HandGun
0.9127472,1,0.6645421,1,0.07494505,0,0.07377289,0,0.08959707,0,HandGun
0.9863003,1,1,0.6255678,0.03216117,0,0.08871795,0,0,0,HandGun
0.9127472,1,0.6645421,1,0.07347985,0,0.07172161,0,0.09047619,0,HandGun
0.9863003,1,1,0.6255678,0.03216117,0,0.08871795,0,0,0,HandGun
0.9127472,1,0.6645421,1,0.07289378,0,0.07142857,0,0.09047619,0,HandGun
0.9863003,1,1,0.6255678,0.03216117,0,0.08871795,0,0,0,HandGun
0.9127472,1,0.6645421,1,0.07084249,0,0.06937729,0,0.09194139,0,HandGun
0.9863003,1,1,0.6255678,0.03216117,0,0.08871795,0,0,0,HandGun
0.9127472,1,0.6645421,1,0.06996337,0,0.06820513,0,0.09223443,0,HandGun
0.9863003,1,1,0.6255678,0.03216117,0,0.08871795,0,0,0,HandGun
0.9127472,1,0.6645421,1,0.06908425,0,0.06732601,0,0.09311356,0,HandGun
0.9863003,1,1,0.6255678,0.03186813,0,0.08871795,0,0,0,HandGun
0.9127472,1,0.6645421,1,0.06732601,0,0.06615385,0,0.09369963,0,HandGun
0.9863003,1,1,0.6255678,0.03186813,0,0.08871795,0,0,0,HandGun
0.9127472,1,0.6645421,1,0.06703297,0,0.06527472,0,0.09399267,0,HandGun
0.9863003,1,1,0.6255678,0.03186813,0,0.08842491,0,0,0,HandGun
0.9127472,1,0.6645421,1,0.06644689,0,0.06468865,0,0.09399267,0,HandGun
0.9863003,1,1,0.6255678,0.03186813,0,0.08842491,0,0,0,HandGun
0.9127472,1,0.6645421,1,0.06468865,0,0.06351648,0,0.0934066,0,HandGun
0.9863003,1,1,0.6255678,0.03186813,0,0.08813187,0,0,0,HandGun
0.9127472,1,0.6645421,1,0.06380952,0,0.06234432,0,0.09252747,0,HandGun
0.9863003,1,1,0.6255678,0.03186813,0,0.08842491,0,0,0,HandGun
0.9127472,1,0.6645421,1,0.06263737,0,0.06117216,0,0.09135531,0,HandGun
0.9863003,1,1,0.6255678,0.03186813,0,0.08842491,0,0,0,HandGun
0.9127472,1,0.6645421,1,0.06234432,0,0.06029304,0,0.09106227,0,HandGun
0.9883516,1,1,0.6255678,0.03186813,0,0.08842491,0,0,0,HandGun
0.9127472,1,0.6645421,1,0.06087912,0,0.05912088,0,0.09047619,0,HandGun
0.9895238,1,1,0.6255678,0.03216117,0,0.08842491,0,0,0,HandGun
0.9127472,1,0.6645421,1,0.06029304,0,0.05824176,0,0.09047619,0,HandGun
0.9915751,1,1,0.6255678,0.03274725,0,0.08871795,0,0,0,HandGun
0.9127472,1,0.6645421,1,0.05912088,0,0.0570696,0,0.08959707,0,HandGun
0.9918681,1,1,0.6255678,0.03274725,0,0.08901099,0,0,0,HandGun
0.9127472,1,0.6645421,1,0.05912088,0,0.05677656,0,0.08959707,0,HandGun
0.9915751,1,1,0.6255678,0.03304029,0,0.08901099,0,0,0,HandGun
0.9127472,1,0.6645421,1,0.0585348,0,0.05560439,0,0.08959707,0,HandGun
0.9915751,1,1,0.6255678,0.03304029,0,0.08901099,0,0,0,HandGun
0.9127472,1,0.6645421,1,0.05765568,0,0.05472527,0,0.08959707,0,HandGun
0.9915751,1,1,0.6255678,0.03304029,0,0.08901099,0,0,0,HandGun
0.9127472,1,0.6645421,1,0.05765568,0,0.05472527,0,0.08959707,0,HandGun
0.9915751,1,1,0.6255678,0.03304029,0,0.08901099,0,0,0,HandGun
0.9127472,1,0.6645421,1,0.05765568,0,0.05443224,0,0.08959707,0,HandGun
0.9915751,1,1,0.6255678,0.03274725,0,0.08871795,0,0,0,HandGun
0.9127472,1,0.6645421,1,0.05736264,0,0.05443224,0,0.08959707,0,HandGun
0.9915751,1,1,0.6255678,0.03304029,0,0.08871795,0,0,0,HandGun
0.9127472,1,0.6645421,1,0.05677656,0,0.05355311,0,0.08783883,0,HandGun
0.9915751,1,1,0.6261539,0.03304029,0,0.08871795,0,0,0,HandGun
0.9127472,1,0.6645421,1,0.05619048,0,0.05326007,0,0.0869597,0,HandGun
0.9915751,1,1,0.626447,0.03304029,0,0.08842491,0,0,0,HandGun
0.9067399,1,0.6645421,1,0.05560439,0,0.05238095,0,0.08608059,0,HandGun
0.9915751,1,1,0.626447,0.03274725,0,0.08842491,0,0,0,HandGun
0.9067399,1,0.6645421,1,0.05501831,0,0.05179487,0,0.0854945,0,HandGun
0.9915751,1,1,0.626447,0.03274725,0,0.08813187,0,0,0,HandGun
0.9067399,1,0.6645421,1,0.05472527,0,0.05091575,0,0.0854945,0,HandGun
0.9915751,1,1,0.626447,0.03274725,0,0.08813187,0,0,0,HandGun
0.9067399,1,0.6645421,1,0.05355311,0,0.04945055,0,0.08490843,0,HandGun
0.9921612,1,1,0.626447,0.03274725,0,0.08813187,0,0,0,HandGun
0.9067399,1,0.6645421,1,0.05208791,0,0.04769231,0,0.08432234,0,HandGun
0.9962637,1,1,0.626447,0.03421246,0,0.08871795,0,0,0,HandGun
0.9067399,1,0.6645421,1,0.05091575,0,0.04681319,0,0.0840293,0,HandGun
1,1,1,0.626447,0.03802198,0,0.09164836,0,0,0,HandGun
0.9093772,1,0.6645421,1,0.05062271,0,0.04564103,0,0.0840293,0,HandGun
1,1,1,0.626447,0.03860806,0,0.09194139,0,0,0,HandGun
0.9126007,1,0.6645421,1,0.04915751,0,0.0432967,0,0.08315019,0,HandGun
1,1,1,0.626447,0.03860806,0,0.09223443,0,0,0,HandGun
0.9178754,1,0.6645421,1,0.04739927,0,0.04065934,0,0.08285714,0,HandGun
1,1,1,0.626447,0.03802198,0,0.09194139,0,0,0,HandGun
0.9275457,1,0.6645421,1,0.04769231,0,0.03684982,0,0.08021978,0,HandGun
1,1,1,0.626447,0.03772894,0,0.09194139,0,0,0,HandGun
0.9196336,1,0.6645421,1,0.04739927,0,0.03538461,0,0.07846154,0,HandGun
1,1,1,0.626447,0.0374359,0,0.09194139,0,0,0,HandGun
0.9131867,1,0.6578022,1,0.04681319,0,0.03391941,0,0.07611722,0,HandGun
0.9723077,1,1,0.626447,0.0374359,0,0.09194139,0,0,0,HandGun
0.8780219,1,0.622784,1,0.04534798,0,0.03245421,0,0.07318681,0,HandGun
0.9537729,1,1,0.6270331,0.0374359,0,0.09194139,0,0,0,HandGun
0.8479853,1,0.6088645,1,0.04388278,0,0.03157509,0,0.07054945,0,HandGun
0.9479121,1,1,0.6284983,0.0374359,0,0.09194139,0,0,0,HandGun
0.8447619,1,0.605641,1,0.0432967,0,0.02981685,0,0.06761905,0,HandGun
0.9461538,1,1,0.6296704,0.03802198,0,0.09164836,0,0,0,HandGun
0.8447619,1,0.605641,1,0.04241758,0,0.02893773,0,0.06615385,0,HandGun
0.9461538,1,1,0.63348,0.03860806,0,0.09135531,0,0,0,HandGun
0.8447619,1,0.605641,1,0.04212454,0,0.02864469,0,0.06527472,0,HandGun
0.9461538,1,1,0.6358243,0.0389011,0,0.09106227,0,0,0,HandGun
0.8447619,1,0.605641,1,0.04124542,0,0.02747253,0,0.06410257,0,HandGun
0.947619,1,1,0.6372895,0.03978022,0,0.09106227,0,0,0,HandGun
0.8447619,1,0.605641,1,0.04065934,0,0.02630037,0,0.06351648,0,HandGun
0.9490842,1,1,0.6364104,0.03978022,0,0.09076923,0,0,0,HandGun
0.8447619,1,0.605641,1,0.03919414,0,0.02483517,0,0.06263737,0,HandGun
0.9502564,1,1,0.6364104,0.03978022,0,0.09076923,0,0,0,HandGun
0.8447619,1,0.605641,1,0.0389011,0,0.023663,0,0.06234432,0,HandGun
0.9534798,1,1,0.6364104,0.03978022,0,0.09047619,0,0,0,HandGun
0.8447619,1,0.605641,1,0.03802198,0,0.02307692,0,0.06234432,0,HandGun
0.9567033,1,1,0.6364104,0.03978022,0,0.09018315,0,0,0,HandGun
0.8447619,1,0.605641,1,0.03684982,0,0.02190476,0,0.06205128,0,HandGun
0.9610989,1,1,0.6364104,0.03978022,0,0.09018315,0,0,0,HandGun
0.8447619,1,0.605641,1,0.03538461,0,0.0207326,0,0.0614652,0,HandGun
0.9672527,1,1,0.6369964,0.03978022,0,0.08959707,0,0,0,HandGun
0.8447619,1,0.605641,1,0.03391941,0,0.0192674,0,0.06117216,0,HandGun
